[NeMo I 2026-07-25 22:40:12 <frozen importlib:241] Triton available & CUDA detected. Using Triton kernel for batch_matmul.
Starting fusion of normalization weights and biases into adjacent linear layers...
Found 162 norm layers to process.
Fused normalization weights and biases into adjacent linear layers.
total calilbration samples 512 batch_size 64
starting alternating
[rotation-search] site=model.encoder.layers.0.self_attn start population=6
[rotation-search] site=model.encoder.layers.0.self_attn generation=1/8 best_nmse=0.177520 stagnant=0
[rotation-search] site=model.encoder.layers.0.self_attn generation=2/8 best_nmse=0.177520 stagnant=1
[rotation-search] site=model.encoder.layers.0.self_attn generation=3/8 best_nmse=0.177520 stagnant=2
[rotation-search] site=model.encoder.layers.0.self_attn generation=4/8 best_nmse=0.177326 stagnant=0
[rotation-search] site=model.encoder.layers.0.self_attn generation=5/8 best_nmse=0.177098 stagnant=0
[rotation-search] site=model.encoder.layers.0.self_attn generation=6/8 best_nmse=0.177098 stagnant=1
[rotation-search] site=model.encoder.layers.0.self_attn generation=7/8 best_nmse=0.177098 stagnant=2
[rotation-search] site=model.encoder.layers.0.self_attn generation=8/8 best_nmse=0.176970 stagnant=0
[rotation-search] site=model.encoder.layers.0.self_attn committed_nmse=0.176970
[rotation-search] site=model.encoder.layers.1.self_attn start population=6
[rotation-search] site=model.encoder.layers.1.self_attn generation=1/8 best_nmse=0.081008 stagnant=0
[rotation-search] site=model.encoder.layers.1.self_attn generation=2/8 best_nmse=0.081008 stagnant=1
[rotation-search] site=model.encoder.layers.1.self_attn generation=3/8 best_nmse=0.081008 stagnant=2
[rotation-search] site=model.encoder.layers.1.self_attn generation=4/8 best_nmse=0.080973 stagnant=0
[rotation-search] site=model.encoder.layers.1.self_attn generation=5/8 best_nmse=0.080973 stagnant=1
[rotation-search] site=model.encoder.layers.1.self_attn generation=6/8 best_nmse=0.080973 stagnant=2
[rotation-search] site=model.encoder.layers.1.self_attn generation=7/8 best_nmse=0.080897 stagnant=0
[rotation-search] site=model.encoder.layers.1.self_attn generation=8/8 best_nmse=0.080808 stagnant=0
[rotation-search] site=model.encoder.layers.1.self_attn committed_nmse=0.080808
[rotation-search] site=model.encoder.layers.2.self_attn start population=6
[rotation-search] site=model.encoder.layers.2.self_attn generation=1/8 best_nmse=0.069841 stagnant=0
[rotation-search] site=model.encoder.layers.2.self_attn generation=2/8 best_nmse=0.069734 stagnant=0
[rotation-search] site=model.encoder.layers.2.self_attn generation=3/8 best_nmse=0.069716 stagnant=0
[rotation-search] site=model.encoder.layers.2.self_attn generation=4/8 best_nmse=0.069716 stagnant=1
[rotation-search] site=model.encoder.layers.2.self_attn generation=5/8 best_nmse=0.069716 stagnant=2
[rotation-search] site=model.encoder.layers.2.self_attn generation=6/8 best_nmse=0.069441 stagnant=0
[rotation-search] site=model.encoder.layers.2.self_attn generation=7/8 best_nmse=0.069441 stagnant=1
[rotation-search] site=model.encoder.layers.2.self_attn generation=8/8 best_nmse=0.069389 stagnant=0
[rotation-search] site=model.encoder.layers.2.self_attn committed_nmse=0.069389
[rotation-search] site=model.encoder.layers.3.self_attn start population=6
[rotation-search] site=model.encoder.layers.3.self_attn generation=1/8 best_nmse=0.105216 stagnant=0
[rotation-search] site=model.encoder.layers.3.self_attn generation=2/8 best_nmse=0.105216 stagnant=1
[rotation-search] site=model.encoder.layers.3.self_attn generation=3/8 best_nmse=0.105178 stagnant=0
[rotation-search] site=model.encoder.layers.3.self_attn generation=4/8 best_nmse=0.105178 stagnant=1
[rotation-search] site=model.encoder.layers.3.self_attn generation=5/8 best_nmse=0.105178 stagnant=2
[rotation-search] site=model.encoder.layers.3.self_attn generation=6/8 best_nmse=0.105057 stagnant=0
[rotation-search] site=model.encoder.layers.3.self_attn generation=7/8 best_nmse=0.104906 stagnant=0
[rotation-search] site=model.encoder.layers.3.self_attn generation=8/8 best_nmse=0.104906 stagnant=1
[rotation-search] site=model.encoder.layers.3.self_attn committed_nmse=0.104906
[rotation-search] site=model.encoder.layers.4.self_attn start population=6
[rotation-search] site=model.encoder.layers.4.self_attn generation=1/8 best_nmse=0.113415 stagnant=0
[rotation-search] site=model.encoder.layers.4.self_attn generation=2/8 best_nmse=0.113372 stagnant=0
[rotation-search] site=model.encoder.layers.4.self_attn generation=3/8 best_nmse=0.113228 stagnant=0
[rotation-search] site=model.encoder.layers.4.self_attn generation=4/8 best_nmse=0.113228 stagnant=1
[rotation-search] site=model.encoder.layers.4.self_attn generation=5/8 best_nmse=0.113094 stagnant=0
[rotation-search] site=model.encoder.layers.4.self_attn generation=6/8 best_nmse=0.113094 stagnant=1
[rotation-search] site=model.encoder.layers.4.self_attn generation=7/8 best_nmse=0.113094 stagnant=2
[rotation-search] site=model.encoder.layers.4.self_attn generation=8/8 best_nmse=0.113094 stagnant=3
[rotation-search] site=model.encoder.layers.4.self_attn committed_nmse=0.113094
[rotation-search] site=model.encoder.layers.5.self_attn start population=6
[rotation-search] site=model.encoder.layers.5.self_attn generation=1/8 best_nmse=0.023547 stagnant=0
[rotation-search] site=model.encoder.layers.5.self_attn generation=2/8 best_nmse=0.023536 stagnant=0
[rotation-search] site=model.encoder.layers.5.self_attn generation=3/8 best_nmse=0.023497 stagnant=0
[rotation-search] site=model.encoder.layers.5.self_attn generation=4/8 best_nmse=0.023495 stagnant=0
[rotation-search] site=model.encoder.layers.5.self_attn generation=5/8 best_nmse=0.023477 stagnant=0
[rotation-search] site=model.encoder.layers.5.self_attn generation=6/8 best_nmse=0.023477 stagnant=1
[rotation-search] site=model.encoder.layers.5.self_attn generation=7/8 best_nmse=0.023477 stagnant=2
[rotation-search] site=model.encoder.layers.5.self_attn generation=8/8 best_nmse=0.023473 stagnant=0
[rotation-search] site=model.encoder.layers.5.self_attn committed_nmse=0.023473
[rotation-search] site=model.encoder.layers.6.self_attn start population=6
[rotation-search] site=model.encoder.layers.6.self_attn generation=1/8 best_nmse=0.036825 stagnant=0
[rotation-search] site=model.encoder.layers.6.self_attn generation=2/8 best_nmse=0.036825 stagnant=1
[rotation-search] site=model.encoder.layers.6.self_attn generation=3/8 best_nmse=0.036825 stagnant=2
[rotation-search] site=model.encoder.layers.6.self_attn generation=4/8 best_nmse=0.036795 stagnant=0
[rotation-search] site=model.encoder.layers.6.self_attn generation=5/8 best_nmse=0.036795 stagnant=1
[rotation-search] site=model.encoder.layers.6.self_attn generation=6/8 best_nmse=0.036795 stagnant=2
[rotation-search] site=model.encoder.layers.6.self_attn generation=7/8 best_nmse=0.036765 stagnant=0
[rotation-search] site=model.encoder.layers.6.self_attn generation=8/8 best_nmse=0.036753 stagnant=0
[rotation-search] site=model.encoder.layers.6.self_attn committed_nmse=0.036753
[rotation-search] site=model.encoder.layers.7.self_attn start population=6
[rotation-search] site=model.encoder.layers.7.self_attn generation=1/8 best_nmse=0.012454 stagnant=0
[rotation-search] site=model.encoder.layers.7.self_attn generation=2/8 best_nmse=0.012431 stagnant=0
[rotation-search] site=model.encoder.layers.7.self_attn generation=3/8 best_nmse=0.012431 stagnant=0
[rotation-search] site=model.encoder.layers.7.self_attn generation=4/8 best_nmse=0.012407 stagnant=0
[rotation-search] site=model.encoder.layers.7.self_attn generation=5/8 best_nmse=0.012400 stagnant=0
[rotation-search] site=model.encoder.layers.7.self_attn generation=6/8 best_nmse=0.012394 stagnant=0
[rotation-search] site=model.encoder.layers.7.self_attn generation=7/8 best_nmse=0.012394 stagnant=1
[rotation-search] site=model.encoder.layers.7.self_attn generation=8/8 best_nmse=0.012386 stagnant=0
[rotation-search] site=model.encoder.layers.7.self_attn committed_nmse=0.012386
[rotation-search] site=model.encoder.layers.8.self_attn start population=6
[rotation-search] site=model.encoder.layers.8.self_attn generation=1/8 best_nmse=0.005248 stagnant=0
[rotation-search] site=model.encoder.layers.8.self_attn generation=2/8 best_nmse=0.005217 stagnant=0
[rotation-search] site=model.encoder.layers.8.self_attn generation=3/8 best_nmse=0.005176 stagnant=0
[rotation-search] site=model.encoder.layers.8.self_attn generation=4/8 best_nmse=0.005176 stagnant=1
[rotation-search] site=model.encoder.layers.8.self_attn generation=5/8 best_nmse=0.005164 stagnant=0
[rotation-search] site=model.encoder.layers.8.self_attn generation=6/8 best_nmse=0.005132 stagnant=0
[rotation-search] site=model.encoder.layers.8.self_attn generation=7/8 best_nmse=0.005132 stagnant=1
[rotation-search] site=model.encoder.layers.8.self_attn generation=8/8 best_nmse=0.005132 stagnant=2
[rotation-search] site=model.encoder.layers.8.self_attn committed_nmse=0.005132
[rotation-search] site=model.encoder.layers.9.self_attn start population=6
[rotation-search] site=model.encoder.layers.9.self_attn generation=1/8 best_nmse=0.003593 stagnant=0
[rotation-search] site=model.encoder.layers.9.self_attn generation=2/8 best_nmse=0.003593 stagnant=1
[rotation-search] site=model.encoder.layers.9.self_attn generation=3/8 best_nmse=0.003593 stagnant=2
[rotation-search] site=model.encoder.layers.9.self_attn generation=4/8 best_nmse=0.003584 stagnant=0
[rotation-search] site=model.encoder.layers.9.self_attn generation=5/8 best_nmse=0.003584 stagnant=1
[rotation-search] site=model.encoder.layers.9.self_attn generation=6/8 best_nmse=0.003584 stagnant=2
[rotation-search] site=model.encoder.layers.9.self_attn generation=7/8 best_nmse=0.003580 stagnant=0
[rotation-search] site=model.encoder.layers.9.self_attn generation=8/8 best_nmse=0.003575 stagnant=0
[rotation-search] site=model.encoder.layers.9.self_attn committed_nmse=0.003575
[rotation-search] site=model.encoder.layers.10.self_attn start population=6
[rotation-search] site=model.encoder.layers.10.self_attn generation=1/8 best_nmse=0.004584 stagnant=0
[rotation-search] site=model.encoder.layers.10.self_attn generation=2/8 best_nmse=0.004490 stagnant=0
[rotation-search] site=model.encoder.layers.10.self_attn generation=3/8 best_nmse=0.004490 stagnant=1
[rotation-search] site=model.encoder.layers.10.self_attn generation=4/8 best_nmse=0.004490 stagnant=2
[rotation-search] site=model.encoder.layers.10.self_attn generation=5/8 best_nmse=0.004490 stagnant=3
[rotation-search] site=model.encoder.layers.10.self_attn generation=6/8 best_nmse=0.004486 stagnant=0
[rotation-search] site=model.encoder.layers.10.self_attn generation=7/8 best_nmse=0.004486 stagnant=1
[rotation-search] site=model.encoder.layers.10.self_attn generation=8/8 best_nmse=0.004468 stagnant=0
[rotation-search] site=model.encoder.layers.10.self_attn committed_nmse=0.004468
[rotation-search] site=model.encoder.layers.11.self_attn start population=6
[rotation-search] site=model.encoder.layers.11.self_attn generation=1/8 best_nmse=0.008563 stagnant=0
[rotation-search] site=model.encoder.layers.11.self_attn generation=2/8 best_nmse=0.008563 stagnant=1
[rotation-search] site=model.encoder.layers.11.self_attn generation=3/8 best_nmse=0.008558 stagnant=0
[rotation-search] site=model.encoder.layers.11.self_attn generation=4/8 best_nmse=0.008558 stagnant=1
[rotation-search] site=model.encoder.layers.11.self_attn generation=5/8 best_nmse=0.008558 stagnant=2
[rotation-search] site=model.encoder.layers.11.self_attn generation=6/8 best_nmse=0.008550 stagnant=0
[rotation-search] site=model.encoder.layers.11.self_attn generation=7/8 best_nmse=0.008550 stagnant=1
[rotation-search] site=model.encoder.layers.11.self_attn generation=8/8 best_nmse=0.008550 stagnant=2
[rotation-search] site=model.encoder.layers.11.self_attn committed_nmse=0.008550
[rotation-search] site=model.encoder.layers.12.self_attn start population=6
[rotation-search] site=model.encoder.layers.12.self_attn generation=1/8 best_nmse=0.005735 stagnant=0
[rotation-search] site=model.encoder.layers.12.self_attn generation=2/8 best_nmse=0.005735 stagnant=1
[rotation-search] site=model.encoder.layers.12.self_attn generation=3/8 best_nmse=0.005735 stagnant=2
[rotation-search] site=model.encoder.layers.12.self_attn generation=4/8 best_nmse=0.005717 stagnant=0
[rotation-search] site=model.encoder.layers.12.self_attn generation=5/8 best_nmse=0.005710 stagnant=0
[rotation-search] site=model.encoder.layers.12.self_attn generation=6/8 best_nmse=0.005710 stagnant=1
[rotation-search] site=model.encoder.layers.12.self_attn generation=7/8 best_nmse=0.005710 stagnant=2
[rotation-search] site=model.encoder.layers.12.self_attn generation=8/8 best_nmse=0.005710 stagnant=3
[rotation-search] site=model.encoder.layers.12.self_attn committed_nmse=0.005710
[rotation-search] site=model.encoder.layers.13.self_attn start population=6
[rotation-search] site=model.encoder.layers.13.self_attn generation=1/8 best_nmse=0.004643 stagnant=0
[rotation-search] site=model.encoder.layers.13.self_attn generation=2/8 best_nmse=0.004643 stagnant=1
[rotation-search] site=model.encoder.layers.13.self_attn generation=3/8 best_nmse=0.004583 stagnant=0
[rotation-search] site=model.encoder.layers.13.self_attn generation=4/8 best_nmse=0.004583 stagnant=1
[rotation-search] site=model.encoder.layers.13.self_attn generation=5/8 best_nmse=0.004583 stagnant=2
[rotation-search] site=model.encoder.layers.13.self_attn generation=6/8 best_nmse=0.004583 stagnant=3
[rotation-search] site=model.encoder.layers.13.self_attn generation=7/8 best_nmse=0.004538 stagnant=0
[rotation-search] site=model.encoder.layers.13.self_attn generation=8/8 best_nmse=0.004538 stagnant=1
[rotation-search] site=model.encoder.layers.13.self_attn committed_nmse=0.004538
[rotation-search] site=model.encoder.layers.14.self_attn start population=6
[rotation-search] site=model.encoder.layers.14.self_attn generation=1/8 best_nmse=0.022768 stagnant=0
[rotation-search] site=model.encoder.layers.14.self_attn generation=2/8 best_nmse=0.022765 stagnant=0
[rotation-search] site=model.encoder.layers.14.self_attn generation=3/8 best_nmse=0.022754 stagnant=0
[rotation-search] site=model.encoder.layers.14.self_attn generation=4/8 best_nmse=0.022749 stagnant=0
[rotation-search] site=model.encoder.layers.14.self_attn generation=5/8 best_nmse=0.022749 stagnant=1
[rotation-search] site=model.encoder.layers.14.self_attn generation=6/8 best_nmse=0.022723 stagnant=0
[rotation-search] site=model.encoder.layers.14.self_attn generation=7/8 best_nmse=0.022723 stagnant=1
[rotation-search] site=model.encoder.layers.14.self_attn generation=8/8 best_nmse=0.022608 stagnant=0
[rotation-search] site=model.encoder.layers.14.self_attn committed_nmse=0.022608
[rotation-search] site=model.encoder.layers.15.self_attn start population=6
[rotation-search] site=model.encoder.layers.15.self_attn generation=1/8 best_nmse=0.003459 stagnant=0
[rotation-search] site=model.encoder.layers.15.self_attn generation=2/8 best_nmse=0.003459 stagnant=1
[rotation-search] site=model.encoder.layers.15.self_attn generation=3/8 best_nmse=0.003459 stagnant=2
[rotation-search] site=model.encoder.layers.15.self_attn generation=4/8 best_nmse=0.003452 stagnant=0
[rotation-search] site=model.encoder.layers.15.self_attn generation=5/8 best_nmse=0.003452 stagnant=1
[rotation-search] site=model.encoder.layers.15.self_attn generation=6/8 best_nmse=0.003401 stagnant=0
[rotation-search] site=model.encoder.layers.15.self_attn generation=7/8 best_nmse=0.003401 stagnant=1
[rotation-search] site=model.encoder.layers.15.self_attn generation=8/8 best_nmse=0.003401 stagnant=2
[rotation-search] site=model.encoder.layers.15.self_attn committed_nmse=0.003401
[rotation-search] site=model.encoder.layers.16.self_attn start population=6
[rotation-search] site=model.encoder.layers.16.self_attn generation=1/8 best_nmse=0.003168 stagnant=0
[rotation-search] site=model.encoder.layers.16.self_attn generation=2/8 best_nmse=0.003145 stagnant=0
[rotation-search] site=model.encoder.layers.16.self_attn generation=3/8 best_nmse=0.003145 stagnant=1
[rotation-search] site=model.encoder.layers.16.self_attn generation=4/8 best_nmse=0.003128 stagnant=0
[rotation-search] site=model.encoder.layers.16.self_attn generation=5/8 best_nmse=0.003128 stagnant=1
[rotation-search] site=model.encoder.layers.16.self_attn generation=6/8 best_nmse=0.003128 stagnant=2
[rotation-search] site=model.encoder.layers.16.self_attn generation=7/8 best_nmse=0.003128 stagnant=3
[rotation-search] site=model.encoder.layers.16.self_attn generation=8/8 best_nmse=0.003124 stagnant=0
[rotation-search] site=model.encoder.layers.16.self_attn committed_nmse=0.003124
[rotation-search] site=model.encoder.layers.17.self_attn start population=6
[rotation-search] site=model.encoder.layers.17.self_attn generation=1/8 best_nmse=0.016921 stagnant=0
[rotation-search] site=model.encoder.layers.17.self_attn generation=2/8 best_nmse=0.016921 stagnant=1
[rotation-search] site=model.encoder.layers.17.self_attn generation=3/8 best_nmse=0.016921 stagnant=2
[rotation-search] site=model.encoder.layers.17.self_attn generation=4/8 best_nmse=0.016912 stagnant=0
[rotation-search] site=model.encoder.layers.17.self_attn generation=5/8 best_nmse=0.016912 stagnant=1
[rotation-search] site=model.encoder.layers.17.self_attn generation=6/8 best_nmse=0.016874 stagnant=0
[rotation-search] site=model.encoder.layers.17.self_attn generation=7/8 best_nmse=0.016860 stagnant=0
[rotation-search] site=model.encoder.layers.17.self_attn generation=8/8 best_nmse=0.016860 stagnant=1
[rotation-search] site=model.encoder.layers.17.self_attn committed_nmse=0.016860
[rotation-search] site=model.encoder.layers.18.self_attn start population=6
[rotation-search] site=model.encoder.layers.18.self_attn generation=1/8 best_nmse=0.019688 stagnant=0
[rotation-search] site=model.encoder.layers.18.self_attn generation=2/8 best_nmse=0.019684 stagnant=0
[rotation-search] site=model.encoder.layers.18.self_attn generation=3/8 best_nmse=0.019520 stagnant=0
[rotation-search] site=model.encoder.layers.18.self_attn generation=4/8 best_nmse=0.019513 stagnant=0
[rotation-search] site=model.encoder.layers.18.self_attn generation=5/8 best_nmse=0.019513 stagnant=1
[rotation-search] site=model.encoder.layers.18.self_attn generation=6/8 best_nmse=0.019513 stagnant=2
[rotation-search] site=model.encoder.layers.18.self_attn generation=7/8 best_nmse=0.019512 stagnant=0
[rotation-search] site=model.encoder.layers.18.self_attn generation=8/8 best_nmse=0.019484 stagnant=0
[rotation-search] site=model.encoder.layers.18.self_attn committed_nmse=0.019484
[rotation-search] site=model.encoder.layers.19.self_attn start population=6
[rotation-search] site=model.encoder.layers.19.self_attn generation=1/8 best_nmse=0.092772 stagnant=0
[rotation-search] site=model.encoder.layers.19.self_attn generation=2/8 best_nmse=0.092772 stagnant=1
[rotation-search] site=model.encoder.layers.19.self_attn generation=3/8 best_nmse=0.092769 stagnant=0
[rotation-search] site=model.encoder.layers.19.self_attn generation=4/8 best_nmse=0.092769 stagnant=1
[rotation-search] site=model.encoder.layers.19.self_attn generation=5/8 best_nmse=0.092769 stagnant=2
[rotation-search] site=model.encoder.layers.19.self_attn generation=6/8 best_nmse=0.092769 stagnant=3
[rotation-search] site=model.encoder.layers.19.self_attn generation=7/8 best_nmse=0.092649 stagnant=0
[rotation-search] site=model.encoder.layers.19.self_attn generation=8/8 best_nmse=0.092649 stagnant=1
[rotation-search] site=model.encoder.layers.19.self_attn committed_nmse=0.092649
[rotation-search] site=model.encoder.layers.20.self_attn start population=6
[rotation-search] site=model.encoder.layers.20.self_attn generation=1/8 best_nmse=0.003882 stagnant=0
[rotation-search] site=model.encoder.layers.20.self_attn generation=2/8 best_nmse=0.003882 stagnant=1
[rotation-search] site=model.encoder.layers.20.self_attn generation=3/8 best_nmse=0.003882 stagnant=0
[rotation-search] site=model.encoder.layers.20.self_attn generation=4/8 best_nmse=0.003877 stagnant=0
[rotation-search] site=model.encoder.layers.20.self_attn generation=5/8 best_nmse=0.003875 stagnant=0
[rotation-search] site=model.encoder.layers.20.self_attn generation=6/8 best_nmse=0.003873 stagnant=0
[rotation-search] site=model.encoder.layers.20.self_attn generation=7/8 best_nmse=0.003870 stagnant=0
[rotation-search] site=model.encoder.layers.20.self_attn generation=8/8 best_nmse=0.003870 stagnant=1
[rotation-search] site=model.encoder.layers.20.self_attn committed_nmse=0.003870
[rotation-search] site=model.encoder.layers.21.self_attn start population=6
[rotation-search] site=model.encoder.layers.21.self_attn generation=1/8 best_nmse=0.000283 stagnant=0
[rotation-search] site=model.encoder.layers.21.self_attn generation=2/8 best_nmse=0.000283 stagnant=0
[rotation-search] site=model.encoder.layers.21.self_attn generation=3/8 best_nmse=0.000283 stagnant=0
[rotation-search] site=model.encoder.layers.21.self_attn generation=4/8 best_nmse=0.000283 stagnant=1
[rotation-search] site=model.encoder.layers.21.self_attn generation=5/8 best_nmse=0.000283 stagnant=2
[rotation-search] site=model.encoder.layers.21.self_attn generation=6/8 best_nmse=0.000283 stagnant=0
[rotation-search] site=model.encoder.layers.21.self_attn generation=7/8 best_nmse=0.000283 stagnant=1
[rotation-search] site=model.encoder.layers.21.self_attn generation=8/8 best_nmse=0.000282 stagnant=0
[rotation-search] site=model.encoder.layers.21.self_attn committed_nmse=0.000282
[rotation-search] site=model.encoder.layers.22.self_attn start population=6
[rotation-search] site=model.encoder.layers.22.self_attn generation=1/8 best_nmse=0.000370 stagnant=0
[rotation-search] site=model.encoder.layers.22.self_attn generation=2/8 best_nmse=0.000370 stagnant=1
[rotation-search] site=model.encoder.layers.22.self_attn generation=3/8 best_nmse=0.000370 stagnant=2
[rotation-search] site=model.encoder.layers.22.self_attn generation=4/8 best_nmse=0.000370 stagnant=3
[rotation-search] site=model.encoder.layers.22.self_attn generation=5/8 best_nmse=0.000370 stagnant=0
[rotation-search] site=model.encoder.layers.22.self_attn generation=6/8 best_nmse=0.000370 stagnant=1
[rotation-search] site=model.encoder.layers.22.self_attn generation=7/8 best_nmse=0.000369 stagnant=0
[rotation-search] site=model.encoder.layers.22.self_attn generation=8/8 best_nmse=0.000369 stagnant=0
[rotation-search] site=model.encoder.layers.22.self_attn committed_nmse=0.000369
[rotation-search] site=model.encoder.layers.23.self_attn start population=6
[rotation-search] site=model.encoder.layers.23.self_attn generation=1/8 best_nmse=0.000015 stagnant=0
[rotation-search] site=model.encoder.layers.23.self_attn generation=2/8 best_nmse=0.000015 stagnant=0
[rotation-search] site=model.encoder.layers.23.self_attn generation=3/8 best_nmse=0.000015 stagnant=0
[rotation-search] site=model.encoder.layers.23.self_attn generation=4/8 best_nmse=0.000015 stagnant=1
[rotation-search] site=model.encoder.layers.23.self_attn generation=5/8 best_nmse=0.000015 stagnant=0
[rotation-search] site=model.encoder.layers.23.self_attn generation=6/8 best_nmse=0.000015 stagnant=0
[rotation-search] site=model.encoder.layers.23.self_attn generation=7/8 best_nmse=0.000015 stagnant=1
[rotation-search] site=model.encoder.layers.23.self_attn generation=8/8 best_nmse=0.000015 stagnant=2
[rotation-search] site=model.encoder.layers.23.self_attn committed_nmse=0.000015
[rotation-search] site=model.encoder.layers.24.self_attn start population=6
[rotation-search] site=model.encoder.layers.24.self_attn generation=1/8 best_nmse=0.000045 stagnant=0
[rotation-search] site=model.encoder.layers.24.self_attn generation=2/8 best_nmse=0.000045 stagnant=0
[rotation-search] site=model.encoder.layers.24.self_attn generation=3/8 best_nmse=0.000045 stagnant=0
[rotation-search] site=model.encoder.layers.24.self_attn generation=4/8 best_nmse=0.000044 stagnant=0
[rotation-search] site=model.encoder.layers.24.self_attn generation=5/8 best_nmse=0.000044 stagnant=1
[rotation-search] site=model.encoder.layers.24.self_attn generation=6/8 best_nmse=0.000044 stagnant=0
[rotation-search] site=model.encoder.layers.24.self_attn generation=7/8 best_nmse=0.000044 stagnant=0
[rotation-search] site=model.encoder.layers.24.self_attn generation=8/8 best_nmse=0.000044 stagnant=1
[rotation-search] site=model.encoder.layers.24.self_attn committed_nmse=0.000044
[rotation-search] site=model.encoder.layers.25.self_attn start population=6
[rotation-search] site=model.encoder.layers.25.self_attn generation=1/8 best_nmse=0.000016 stagnant=0
[rotation-search] site=model.encoder.layers.25.self_attn generation=2/8 best_nmse=0.000016 stagnant=1
[rotation-search] site=model.encoder.layers.25.self_attn generation=3/8 best_nmse=0.000016 stagnant=2
[rotation-search] site=model.encoder.layers.25.self_attn generation=4/8 best_nmse=0.000016 stagnant=0
[rotation-search] site=model.encoder.layers.25.self_attn generation=5/8 best_nmse=0.000016 stagnant=1
[rotation-search] site=model.encoder.layers.25.self_attn generation=6/8 best_nmse=0.000016 stagnant=2
[rotation-search] site=model.encoder.layers.25.self_attn generation=7/8 best_nmse=0.000016 stagnant=3
[rotation-search] site=model.encoder.layers.25.self_attn generation=8/8 best_nmse=0.000016 stagnant=0
[rotation-search] site=model.encoder.layers.25.self_attn committed_nmse=0.000016
[rotation-search] site=model.encoder.layers.26.self_attn start population=6
[rotation-search] site=model.encoder.layers.26.self_attn generation=1/8 best_nmse=0.000152 stagnant=0
[rotation-search] site=model.encoder.layers.26.self_attn generation=2/8 best_nmse=0.000151 stagnant=0
[rotation-search] site=model.encoder.layers.26.self_attn generation=3/8 best_nmse=0.000151 stagnant=1
[rotation-search] site=model.encoder.layers.26.self_attn generation=4/8 best_nmse=0.000151 stagnant=2
[rotation-search] site=model.encoder.layers.26.self_attn generation=5/8 best_nmse=0.000151 stagnant=0
[rotation-search] site=model.encoder.layers.26.self_attn generation=6/8 best_nmse=0.000150 stagnant=0
[rotation-search] site=model.encoder.layers.26.self_attn generation=7/8 best_nmse=0.000149 stagnant=0
[rotation-search] site=model.encoder.layers.26.self_attn generation=8/8 best_nmse=0.000149 stagnant=1
[rotation-search] site=model.encoder.layers.26.self_attn committed_nmse=0.000149
[rotation-search] site=model.encoder.layers.27.self_attn start population=6
[rotation-search] site=model.encoder.layers.27.self_attn generation=1/8 best_nmse=0.001778 stagnant=0
[rotation-search] site=model.encoder.layers.27.self_attn generation=2/8 best_nmse=0.001778 stagnant=1
[rotation-search] site=model.encoder.layers.27.self_attn generation=3/8 best_nmse=0.001778 stagnant=2
[rotation-search] site=model.encoder.layers.27.self_attn generation=4/8 best_nmse=0.001778 stagnant=3
[rotation-search] site=model.encoder.layers.27.self_attn generation=5/8 best_nmse=0.001778 stagnant=4
[rotation-search] site=model.encoder.layers.27.self_attn early-stop patience=4
[rotation-search] site=model.encoder.layers.27.self_attn committed_nmse=0.001778
[rotation-search] site=model.encoder.layers.28.self_attn start population=6
[rotation-search] site=model.encoder.layers.28.self_attn generation=1/8 best_nmse=0.001335 stagnant=0
[rotation-search] site=model.encoder.layers.28.self_attn generation=2/8 best_nmse=0.001335 stagnant=1
[rotation-search] site=model.encoder.layers.28.self_attn generation=3/8 best_nmse=0.001333 stagnant=0
[rotation-search] site=model.encoder.layers.28.self_attn generation=4/8 best_nmse=0.001333 stagnant=1
[rotation-search] site=model.encoder.layers.28.self_attn generation=5/8 best_nmse=0.001333 stagnant=2
[rotation-search] site=model.encoder.layers.28.self_attn generation=6/8 best_nmse=0.001331 stagnant=0
[rotation-search] site=model.encoder.layers.28.self_attn generation=7/8 best_nmse=0.001331 stagnant=1
[rotation-search] site=model.encoder.layers.28.self_attn generation=8/8 best_nmse=0.001331 stagnant=2
[rotation-search] site=model.encoder.layers.28.self_attn committed_nmse=0.001331
[rotation-search] site=model.encoder.layers.29.self_attn start population=6
[rotation-search] site=model.encoder.layers.29.self_attn generation=1/8 best_nmse=0.000362 stagnant=0
[rotation-search] site=model.encoder.layers.29.self_attn generation=2/8 best_nmse=0.000361 stagnant=0
[rotation-search] site=model.encoder.layers.29.self_attn generation=3/8 best_nmse=0.000361 stagnant=1
[rotation-search] site=model.encoder.layers.29.self_attn generation=4/8 best_nmse=0.000361 stagnant=2
[rotation-search] site=model.encoder.layers.29.self_attn generation=5/8 best_nmse=0.000361 stagnant=3
[rotation-search] site=model.encoder.layers.29.self_attn generation=6/8 best_nmse=0.000361 stagnant=4
[rotation-search] site=model.encoder.layers.29.self_attn early-stop patience=4
[rotation-search] site=model.encoder.layers.29.self_attn committed_nmse=0.000361
[rotation-search] site=model.encoder.layers.30.self_attn start population=6
[rotation-search] site=model.encoder.layers.30.self_attn generation=1/8 best_nmse=0.000123 stagnant=0
[rotation-search] site=model.encoder.layers.30.self_attn generation=2/8 best_nmse=0.000123 stagnant=1
[rotation-search] site=model.encoder.layers.30.self_attn generation=3/8 best_nmse=0.000123 stagnant=2
[rotation-search] site=model.encoder.layers.30.self_attn generation=4/8 best_nmse=0.000123 stagnant=3
[rotation-search] site=model.encoder.layers.30.self_attn generation=5/8 best_nmse=0.000123 stagnant=4
[rotation-search] site=model.encoder.layers.30.self_attn early-stop patience=4
[rotation-search] site=model.encoder.layers.30.self_attn committed_nmse=0.000123
[rotation-search] site=model.encoder.layers.31.self_attn start population=6
[rotation-search] site=model.encoder.layers.31.self_attn generation=1/8 best_nmse=0.000744 stagnant=0
[rotation-search] site=model.encoder.layers.31.self_attn generation=2/8 best_nmse=0.000743 stagnant=0
[rotation-search] site=model.encoder.layers.31.self_attn generation=3/8 best_nmse=0.000742 stagnant=0
[rotation-search] site=model.encoder.layers.31.self_attn generation=4/8 best_nmse=0.000742 stagnant=1
[rotation-search] site=model.encoder.layers.31.self_attn generation=5/8 best_nmse=0.000742 stagnant=2
[rotation-search] site=model.encoder.layers.31.self_attn generation=6/8 best_nmse=0.000742 stagnant=0
[rotation-search] site=model.encoder.layers.31.self_attn generation=7/8 best_nmse=0.000739 stagnant=0
[rotation-search] site=model.encoder.layers.31.self_attn generation=8/8 best_nmse=0.000739 stagnant=1
[rotation-search] site=model.encoder.layers.31.self_attn committed_nmse=0.000739
[rotation-search] site=model.decoder.layers.0.self_attn start population=6
[rotation-search] site=model.decoder.layers.0.self_attn generation=1/8 best_nmse=0.044371 stagnant=0
[rotation-search] site=model.decoder.layers.0.self_attn generation=2/8 best_nmse=0.044371 stagnant=1
[rotation-search] site=model.decoder.layers.0.self_attn generation=3/8 best_nmse=0.044371 stagnant=2
[rotation-search] site=model.decoder.layers.0.self_attn generation=4/8 best_nmse=0.043495 stagnant=0
[rotation-search] site=model.decoder.layers.0.self_attn generation=5/8 best_nmse=0.043495 stagnant=1
[rotation-search] site=model.decoder.layers.0.self_attn generation=6/8 best_nmse=0.043495 stagnant=2
[rotation-search] site=model.decoder.layers.0.self_attn generation=7/8 best_nmse=0.043495 stagnant=3
[rotation-search] site=model.decoder.layers.0.self_attn generation=8/8 best_nmse=0.043495 stagnant=4
[rotation-search] site=model.decoder.layers.0.self_attn early-stop patience=4
[rotation-search] site=model.decoder.layers.0.self_attn committed_nmse=0.043495
[rotation-search] site=model.decoder.layers.0.encoder_attn start population=6
[rotation-search] site=model.decoder.layers.0.encoder_attn generation=1/8 best_nmse=0.042261 stagnant=0
[rotation-search] site=model.decoder.layers.0.encoder_attn generation=2/8 best_nmse=0.042261 stagnant=1
[rotation-search] site=model.decoder.layers.0.encoder_attn generation=3/8 best_nmse=0.042261 stagnant=2
[rotation-search] site=model.decoder.layers.0.encoder_attn generation=4/8 best_nmse=0.042261 stagnant=3
[rotation-search] site=model.decoder.layers.0.encoder_attn generation=5/8 best_nmse=0.042124 stagnant=0
[rotation-search] site=model.decoder.layers.0.encoder_attn generation=6/8 best_nmse=0.042041 stagnant=0
[rotation-search] site=model.decoder.layers.0.encoder_attn generation=7/8 best_nmse=0.041441 stagnant=0
[rotation-search] site=model.decoder.layers.0.encoder_attn generation=8/8 best_nmse=0.041405 stagnant=0
[rotation-search] site=model.decoder.layers.0.encoder_attn committed_nmse=0.041405
[rotation-search] site=model.decoder.layers.1.self_attn start population=6
[rotation-search] site=model.decoder.layers.1.self_attn generation=1/8 best_nmse=0.010156 stagnant=0
[rotation-search] site=model.decoder.layers.1.self_attn generation=2/8 best_nmse=0.010156 stagnant=1
[rotation-search] site=model.decoder.layers.1.self_attn generation=3/8 best_nmse=0.010156 stagnant=2
[rotation-search] site=model.decoder.layers.1.self_attn generation=4/8 best_nmse=0.010133 stagnant=0
[rotation-search] site=model.decoder.layers.1.self_attn generation=5/8 best_nmse=0.010133 stagnant=1
[rotation-search] site=model.decoder.layers.1.self_attn generation=6/8 best_nmse=0.010133 stagnant=2
[rotation-search] site=model.decoder.layers.1.self_attn generation=7/8 best_nmse=0.010133 stagnant=3
[rotation-search] site=model.decoder.layers.1.self_attn generation=8/8 best_nmse=0.010133 stagnant=4
[rotation-search] site=model.decoder.layers.1.self_attn early-stop patience=4
[rotation-search] site=model.decoder.layers.1.self_attn committed_nmse=0.010133
[rotation-search] site=model.decoder.layers.1.encoder_attn start population=6
[rotation-search] site=model.decoder.layers.1.encoder_attn generation=1/8 best_nmse=0.009581 stagnant=0
[rotation-search] site=model.decoder.layers.1.encoder_attn generation=2/8 best_nmse=0.009546 stagnant=0
[rotation-search] site=model.decoder.layers.1.encoder_attn generation=3/8 best_nmse=0.009546 stagnant=1
[rotation-search] site=model.decoder.layers.1.encoder_attn generation=4/8 best_nmse=0.009546 stagnant=2
[rotation-search] site=model.decoder.layers.1.encoder_attn generation=5/8 best_nmse=0.009546 stagnant=3
[rotation-search] site=model.decoder.layers.1.encoder_attn generation=6/8 best_nmse=0.009546 stagnant=4
[rotation-search] site=model.decoder.layers.1.encoder_attn early-stop patience=4
[rotation-search] site=model.decoder.layers.1.encoder_attn committed_nmse=0.009546
[rotation-search] site=model.decoder.layers.2.self_attn start population=6
[rotation-search] site=model.decoder.layers.2.self_attn generation=1/8 best_nmse=0.007309 stagnant=0
[rotation-search] site=model.decoder.layers.2.self_attn generation=2/8 best_nmse=0.007309 stagnant=1
[rotation-search] site=model.decoder.layers.2.self_attn generation=3/8 best_nmse=0.007309 stagnant=2
[rotation-search] site=model.decoder.layers.2.self_attn generation=4/8 best_nmse=0.007309 stagnant=3
[rotation-search] site=model.decoder.layers.2.self_attn generation=5/8 best_nmse=0.007309 stagnant=4
[rotation-search] site=model.decoder.layers.2.self_attn early-stop patience=4
[rotation-search] site=model.decoder.layers.2.self_attn committed_nmse=0.007309
[rotation-search] site=model.decoder.layers.2.encoder_attn start population=6
[rotation-search] site=model.decoder.layers.2.encoder_attn generation=1/8 best_nmse=0.006704 stagnant=0
[rotation-search] site=model.decoder.layers.2.encoder_attn generation=2/8 best_nmse=0.006704 stagnant=1
[rotation-search] site=model.decoder.layers.2.encoder_attn generation=3/8 best_nmse=0.006628 stagnant=0
[rotation-search] site=model.decoder.layers.2.encoder_attn generation=4/8 best_nmse=0.006628 stagnant=1
[rotation-search] site=model.decoder.layers.2.encoder_attn generation=5/8 best_nmse=0.006628 stagnant=2
[rotation-search] site=model.decoder.layers.2.encoder_attn generation=6/8 best_nmse=0.006623 stagnant=0
[rotation-search] site=model.decoder.layers.2.encoder_attn generation=7/8 best_nmse=0.006623 stagnant=1
[rotation-search] site=model.decoder.layers.2.encoder_attn generation=8/8 best_nmse=0.006582 stagnant=0
[rotation-search] site=model.decoder.layers.2.encoder_attn committed_nmse=0.006582
[rotation-search] site=model.decoder.layers.3.self_attn start population=6
[rotation-search] site=model.decoder.layers.3.self_attn generation=1/8 best_nmse=0.005789 stagnant=0
[rotation-search] site=model.decoder.layers.3.self_attn generation=2/8 best_nmse=0.005786 stagnant=0
[rotation-search] site=model.decoder.layers.3.self_attn generation=3/8 best_nmse=0.005769 stagnant=0
[rotation-search] site=model.decoder.layers.3.self_attn generation=4/8 best_nmse=0.005769 stagnant=1
[rotation-search] site=model.decoder.layers.3.self_attn generation=5/8 best_nmse=0.005769 stagnant=2
[rotation-search] site=model.decoder.layers.3.self_attn generation=6/8 best_nmse=0.005769 stagnant=3
[rotation-search] site=model.decoder.layers.3.self_attn generation=7/8 best_nmse=0.005762 stagnant=0
[rotation-search] site=model.decoder.layers.3.self_attn generation=8/8 best_nmse=0.005759 stagnant=0
[rotation-search] site=model.decoder.layers.3.self_attn committed_nmse=0.005759
[rotation-search] site=model.decoder.layers.3.encoder_attn start population=6
[rotation-search] site=model.decoder.layers.3.encoder_attn generation=1/8 best_nmse=0.005759 stagnant=0
[rotation-search] site=model.decoder.layers.3.encoder_attn generation=2/8 best_nmse=0.005759 stagnant=1
[rotation-search] site=model.decoder.layers.3.encoder_attn generation=3/8 best_nmse=0.005745 stagnant=0
[rotation-search] site=model.decoder.layers.3.encoder_attn generation=4/8 best_nmse=0.005727 stagnant=0
[rotation-search] site=model.decoder.layers.3.encoder_attn generation=5/8 best_nmse=0.005720 stagnant=0
[rotation-search] site=model.decoder.layers.3.encoder_attn generation=6/8 best_nmse=0.005720 stagnant=1
[rotation-search] site=model.decoder.layers.3.encoder_attn generation=7/8 best_nmse=0.005720 stagnant=2
[rotation-search] site=model.decoder.layers.3.encoder_attn generation=8/8 best_nmse=0.005562 stagnant=0
[rotation-search] site=model.decoder.layers.3.encoder_attn committed_nmse=0.005562
[rotation-search] site=model.decoder.layers.4.self_attn start population=6
[rotation-search] site=model.decoder.layers.4.self_attn generation=1/8 best_nmse=0.001085 stagnant=0
[rotation-search] site=model.decoder.layers.4.self_attn generation=2/8 best_nmse=0.001085 stagnant=0
[rotation-search] site=model.decoder.layers.4.self_attn generation=3/8 best_nmse=0.001082 stagnant=0
[rotation-search] site=model.decoder.layers.4.self_attn generation=4/8 best_nmse=0.001081 stagnant=0
[rotation-search] site=model.decoder.layers.4.self_attn generation=5/8 best_nmse=0.001081 stagnant=1
[rotation-search] site=model.decoder.layers.4.self_attn generation=6/8 best_nmse=0.001080 stagnant=0
[rotation-search] site=model.decoder.layers.4.self_attn generation=7/8 best_nmse=0.001080 stagnant=1
[rotation-search] site=model.decoder.layers.4.self_attn generation=8/8 best_nmse=0.001079 stagnant=0
[rotation-search] site=model.decoder.layers.4.self_attn committed_nmse=0.001079
[rotation-search] site=model.decoder.layers.4.encoder_attn start population=6
[rotation-search] site=model.decoder.layers.4.encoder_attn generation=1/8 best_nmse=0.001079 stagnant=0
[rotation-search] site=model.decoder.layers.4.encoder_attn generation=2/8 best_nmse=0.001040 stagnant=0
[rotation-search] site=model.decoder.layers.4.encoder_attn generation=3/8 best_nmse=0.001039 stagnant=0
[rotation-search] site=model.decoder.layers.4.encoder_attn generation=4/8 best_nmse=0.001036 stagnant=0
[rotation-search] site=model.decoder.layers.4.encoder_attn generation=5/8 best_nmse=0.001031 stagnant=0
[rotation-search] site=model.decoder.layers.4.encoder_attn generation=6/8 best_nmse=0.001031 stagnant=1
[rotation-search] site=model.decoder.layers.4.encoder_attn generation=7/8 best_nmse=0.001031 stagnant=2
[rotation-search] site=model.decoder.layers.4.encoder_attn generation=8/8 best_nmse=0.001010 stagnant=0
[rotation-search] site=model.decoder.layers.4.encoder_attn committed_nmse=0.001010
[rotation-search] site=model.decoder.layers.5.self_attn start population=6
[rotation-search] site=model.decoder.layers.5.self_attn generation=1/8 best_nmse=0.000438 stagnant=0
[rotation-search] site=model.decoder.layers.5.self_attn generation=2/8 best_nmse=0.000436 stagnant=0
[rotation-search] site=model.decoder.layers.5.self_attn generation=3/8 best_nmse=0.000436 stagnant=1
[rotation-search] site=model.decoder.layers.5.self_attn generation=4/8 best_nmse=0.000436 stagnant=2
[rotation-search] site=model.decoder.layers.5.self_attn generation=5/8 best_nmse=0.000433 stagnant=0
[rotation-search] site=model.decoder.layers.5.self_attn generation=6/8 best_nmse=0.000433 stagnant=1
[rotation-search] site=model.decoder.layers.5.self_attn generation=7/8 best_nmse=0.000433 stagnant=2
[rotation-search] site=model.decoder.layers.5.self_attn generation=8/8 best_nmse=0.000432 stagnant=0
[rotation-search] site=model.decoder.layers.5.self_attn committed_nmse=0.000432
[rotation-search] site=model.decoder.layers.5.encoder_attn start population=6
[rotation-search] site=model.decoder.layers.5.encoder_attn generation=1/8 best_nmse=0.000432 stagnant=0
[rotation-search] site=model.decoder.layers.5.encoder_attn generation=2/8 best_nmse=0.000430 stagnant=0
[rotation-search] site=model.decoder.layers.5.encoder_attn generation=3/8 best_nmse=0.000430 stagnant=1
[rotation-search] site=model.decoder.layers.5.encoder_attn generation=4/8 best_nmse=0.000430 stagnant=2
[rotation-search] site=model.decoder.layers.5.encoder_attn generation=5/8 best_nmse=0.000430 stagnant=3
[rotation-search] site=model.decoder.layers.5.encoder_attn generation=6/8 best_nmse=0.000430 stagnant=4
[rotation-search] site=model.decoder.layers.5.encoder_attn early-stop patience=4
[rotation-search] site=model.decoder.layers.5.encoder_attn committed_nmse=0.000430
[rotation-search] site=model.decoder.layers.6.self_attn start population=6
[rotation-search] site=model.decoder.layers.6.self_attn generation=1/8 best_nmse=0.000563 stagnant=0
[rotation-search] site=model.decoder.layers.6.self_attn generation=2/8 best_nmse=0.000563 stagnant=1
[rotation-search] site=model.decoder.layers.6.self_attn generation=3/8 best_nmse=0.000563 stagnant=2
[rotation-search] site=model.decoder.layers.6.self_attn generation=4/8 best_nmse=0.000563 stagnant=3
[rotation-search] site=model.decoder.layers.6.self_attn generation=5/8 best_nmse=0.000563 stagnant=4
[rotation-search] site=model.decoder.layers.6.self_attn early-stop patience=4
[rotation-search] site=model.decoder.layers.6.self_attn committed_nmse=0.000563
[rotation-search] site=model.decoder.layers.6.encoder_attn start population=6
[rotation-search] site=model.decoder.layers.6.encoder_attn generation=1/8 best_nmse=0.000545 stagnant=0
[rotation-search] site=model.decoder.layers.6.encoder_attn generation=2/8 best_nmse=0.000537 stagnant=0
[rotation-search] site=model.decoder.layers.6.encoder_attn generation=3/8 best_nmse=0.000536 stagnant=0
[rotation-search] site=model.decoder.layers.6.encoder_attn generation=4/8 best_nmse=0.000534 stagnant=0
[rotation-search] site=model.decoder.layers.6.encoder_attn generation=5/8 best_nmse=0.000534 stagnant=1
[rotation-search] site=model.decoder.layers.6.encoder_attn generation=6/8 best_nmse=0.000534 stagnant=2
[rotation-search] site=model.decoder.layers.6.encoder_attn generation=7/8 best_nmse=0.000534 stagnant=3
[rotation-search] site=model.decoder.layers.6.encoder_attn generation=8/8 best_nmse=0.000534 stagnant=4
[rotation-search] site=model.decoder.layers.6.encoder_attn early-stop patience=4
[rotation-search] site=model.decoder.layers.6.encoder_attn committed_nmse=0.000534
[rotation-search] site=model.decoder.layers.7.self_attn start population=6
[rotation-search] site=model.decoder.layers.7.self_attn generation=1/8 best_nmse=0.000690 stagnant=0
[rotation-search] site=model.decoder.layers.7.self_attn generation=2/8 best_nmse=0.000690 stagnant=1
[rotation-search] site=model.decoder.layers.7.self_attn generation=3/8 best_nmse=0.000690 stagnant=2
[rotation-search] site=model.decoder.layers.7.self_attn generation=4/8 best_nmse=0.000690 stagnant=3
[rotation-search] site=model.decoder.layers.7.self_attn generation=5/8 best_nmse=0.000680 stagnant=0
[rotation-search] site=model.decoder.layers.7.self_attn generation=6/8 best_nmse=0.000680 stagnant=1
[rotation-search] site=model.decoder.layers.7.self_attn generation=7/8 best_nmse=0.000680 stagnant=2
[rotation-search] site=model.decoder.layers.7.self_attn generation=8/8 best_nmse=0.000679 stagnant=0
[rotation-search] site=model.decoder.layers.7.self_attn committed_nmse=0.000679
[rotation-search] site=model.decoder.layers.7.encoder_attn start population=6
[rotation-search] site=model.decoder.layers.7.encoder_attn generation=1/8 best_nmse=0.000665 stagnant=0
[rotation-search] site=model.decoder.layers.7.encoder_attn generation=2/8 best_nmse=0.000662 stagnant=0
[rotation-search] site=model.decoder.layers.7.encoder_attn generation=3/8 best_nmse=0.000662 stagnant=1
[rotation-search] site=model.decoder.layers.7.encoder_attn generation=4/8 best_nmse=0.000662 stagnant=2
[rotation-search] site=model.decoder.layers.7.encoder_attn generation=5/8 best_nmse=0.000661 stagnant=0
[rotation-search] site=model.decoder.layers.7.encoder_attn generation=6/8 best_nmse=0.000658 stagnant=0
[rotation-search] site=model.decoder.layers.7.encoder_attn generation=7/8 best_nmse=0.000658 stagnant=1
[rotation-search] site=model.decoder.layers.7.encoder_attn generation=8/8 best_nmse=0.000639 stagnant=0
[rotation-search] site=model.decoder.layers.7.encoder_attn committed_nmse=0.000639
[rotation-search] site=model.decoder.layers.8.self_attn start population=6
[rotation-search] site=model.decoder.layers.8.self_attn generation=1/8 best_nmse=0.000420 stagnant=0
[rotation-search] site=model.decoder.layers.8.self_attn generation=2/8 best_nmse=0.000420 stagnant=1
[rotation-search] site=model.decoder.layers.8.self_attn generation=3/8 best_nmse=0.000418 stagnant=0
[rotation-search] site=model.decoder.layers.8.self_attn generation=4/8 best_nmse=0.000418 stagnant=0
[rotation-search] site=model.decoder.layers.8.self_attn generation=5/8 best_nmse=0.000417 stagnant=0
[rotation-search] site=model.decoder.layers.8.self_attn generation=6/8 best_nmse=0.000417 stagnant=1
[rotation-search] site=model.decoder.layers.8.self_attn generation=7/8 best_nmse=0.000417 stagnant=2
[rotation-search] site=model.decoder.layers.8.self_attn generation=8/8 best_nmse=0.000416 stagnant=0
[rotation-search] site=model.decoder.layers.8.self_attn committed_nmse=0.000416
[rotation-search] site=model.decoder.layers.8.encoder_attn start population=6
[rotation-search] site=model.decoder.layers.8.encoder_attn generation=1/8 best_nmse=0.000376 stagnant=0
[rotation-search] site=model.decoder.layers.8.encoder_attn generation=2/8 best_nmse=0.000376 stagnant=1
[rotation-search] site=model.decoder.layers.8.encoder_attn generation=3/8 best_nmse=0.000376 stagnant=2
[rotation-search] site=model.decoder.layers.8.encoder_attn generation=4/8 best_nmse=0.000376 stagnant=3
[rotation-search] site=model.decoder.layers.8.encoder_attn generation=5/8 best_nmse=0.000376 stagnant=4
[rotation-search] site=model.decoder.layers.8.encoder_attn early-stop patience=4
[rotation-search] site=model.decoder.layers.8.encoder_attn committed_nmse=0.000376
[rotation-search] site=model.decoder.layers.9.self_attn start population=6
[rotation-search] site=model.decoder.layers.9.self_attn generation=1/8 best_nmse=0.000563 stagnant=0
[rotation-search] site=model.decoder.layers.9.self_attn generation=2/8 best_nmse=0.000556 stagnant=0
[rotation-search] site=model.decoder.layers.9.self_attn generation=3/8 best_nmse=0.000556 stagnant=1
[rotation-search] site=model.decoder.layers.9.self_attn generation=4/8 best_nmse=0.000553 stagnant=0
[rotation-search] site=model.decoder.layers.9.self_attn generation=5/8 best_nmse=0.000553 stagnant=1
[rotation-search] site=model.decoder.layers.9.self_attn generation=6/8 best_nmse=0.000553 stagnant=2
[rotation-search] site=model.decoder.layers.9.self_attn generation=7/8 best_nmse=0.000552 stagnant=0
[rotation-search] site=model.decoder.layers.9.self_attn generation=8/8 best_nmse=0.000552 stagnant=0
[rotation-search] site=model.decoder.layers.9.self_attn committed_nmse=0.000552
[rotation-search] site=model.decoder.layers.9.encoder_attn start population=6
[rotation-search] site=model.decoder.layers.9.encoder_attn generation=1/8 best_nmse=0.000518 stagnant=0
[rotation-search] site=model.decoder.layers.9.encoder_attn generation=2/8 best_nmse=0.000518 stagnant=1
[rotation-search] site=model.decoder.layers.9.encoder_attn generation=3/8 best_nmse=0.000517 stagnant=0
[rotation-search] site=model.decoder.layers.9.encoder_attn generation=4/8 best_nmse=0.000517 stagnant=1
[rotation-search] site=model.decoder.layers.9.encoder_attn generation=5/8 best_nmse=0.000515 stagnant=0
[rotation-search] site=model.decoder.layers.9.encoder_attn generation=6/8 best_nmse=0.000515 stagnant=0
[rotation-search] site=model.decoder.layers.9.encoder_attn generation=7/8 best_nmse=0.000515 stagnant=1
[rotation-search] site=model.decoder.layers.9.encoder_attn generation=8/8 best_nmse=0.000510 stagnant=0
[rotation-search] site=model.decoder.layers.9.encoder_attn committed_nmse=0.000510
[rotation-search] site=model.decoder.layers.10.self_attn start population=6
[rotation-search] site=model.decoder.layers.10.self_attn generation=1/8 best_nmse=0.000610 stagnant=0
[rotation-search] site=model.decoder.layers.10.self_attn generation=2/8 best_nmse=0.000610 stagnant=1
[rotation-search] site=model.decoder.layers.10.self_attn generation=3/8 best_nmse=0.000610 stagnant=0
[rotation-search] site=model.decoder.layers.10.self_attn generation=4/8 best_nmse=0.000609 stagnant=0
[rotation-search] site=model.decoder.layers.10.self_attn generation=5/8 best_nmse=0.000609 stagnant=1
[rotation-search] site=model.decoder.layers.10.self_attn generation=6/8 best_nmse=0.000607 stagnant=0
[rotation-search] site=model.decoder.layers.10.self_attn generation=7/8 best_nmse=0.000607 stagnant=1
[rotation-search] site=model.decoder.layers.10.self_attn generation=8/8 best_nmse=0.000607 stagnant=2
[rotation-search] site=model.decoder.layers.10.self_attn committed_nmse=0.000607
[rotation-search] site=model.decoder.layers.10.encoder_attn start population=6
[rotation-search] site=model.decoder.layers.10.encoder_attn generation=1/8 best_nmse=0.000545 stagnant=0
[rotation-search] site=model.decoder.layers.10.encoder_attn generation=2/8 best_nmse=0.000545 stagnant=1
[rotation-search] site=model.decoder.layers.10.encoder_attn generation=3/8 best_nmse=0.000536 stagnant=0
[rotation-search] site=model.decoder.layers.10.encoder_attn generation=4/8 best_nmse=0.000536 stagnant=1
[rotation-search] site=model.decoder.layers.10.encoder_attn generation=5/8 best_nmse=0.000535 stagnant=0
[rotation-search] site=model.decoder.layers.10.encoder_attn generation=6/8 best_nmse=0.000535 stagnant=1
[rotation-search] site=model.decoder.layers.10.encoder_attn generation=7/8 best_nmse=0.000535 stagnant=2
[rotation-search] site=model.decoder.layers.10.encoder_attn generation=8/8 best_nmse=0.000511 stagnant=0
[rotation-search] site=model.decoder.layers.10.encoder_attn committed_nmse=0.000511
[rotation-search] site=model.decoder.layers.11.self_attn start population=6
[rotation-search] site=model.decoder.layers.11.self_attn generation=1/8 best_nmse=0.000595 stagnant=0
[rotation-search] site=model.decoder.layers.11.self_attn generation=2/8 best_nmse=0.000595 stagnant=1
[rotation-search] site=model.decoder.layers.11.self_attn generation=3/8 best_nmse=0.000592 stagnant=0
[rotation-search] site=model.decoder.layers.11.self_attn generation=4/8 best_nmse=0.000584 stagnant=0
[rotation-search] site=model.decoder.layers.11.self_attn generation=5/8 best_nmse=0.000583 stagnant=0
[rotation-search] site=model.decoder.layers.11.self_attn generation=6/8 best_nmse=0.000583 stagnant=1
[rotation-search] site=model.decoder.layers.11.self_attn generation=7/8 best_nmse=0.000583 stagnant=2
[rotation-search] site=model.decoder.layers.11.self_attn generation=8/8 best_nmse=0.000583 stagnant=3
[rotation-search] site=model.decoder.layers.11.self_attn committed_nmse=0.000583
[rotation-search] site=model.decoder.layers.11.encoder_attn start population=6
[rotation-search] site=model.decoder.layers.11.encoder_attn generation=1/8 best_nmse=0.000583 stagnant=0
[rotation-search] site=model.decoder.layers.11.encoder_attn generation=2/8 best_nmse=0.000536 stagnant=0
[rotation-search] site=model.decoder.layers.11.encoder_attn generation=3/8 best_nmse=0.000536 stagnant=0
[rotation-search] site=model.decoder.layers.11.encoder_attn generation=4/8 best_nmse=0.000535 stagnant=0
[rotation-search] site=model.decoder.layers.11.encoder_attn generation=5/8 best_nmse=0.000533 stagnant=0
[rotation-search] site=model.decoder.layers.11.encoder_attn generation=6/8 best_nmse=0.000533 stagnant=1
[rotation-search] site=model.decoder.layers.11.encoder_attn generation=7/8 best_nmse=0.000533 stagnant=2
[rotation-search] site=model.decoder.layers.11.encoder_attn generation=8/8 best_nmse=0.000532 stagnant=0
[rotation-search] site=model.decoder.layers.11.encoder_attn committed_nmse=0.000532
[rotation-search] site=model.decoder.layers.12.self_attn start population=6
[rotation-search] site=model.decoder.layers.12.self_attn generation=1/8 best_nmse=0.000656 stagnant=0
[rotation-search] site=model.decoder.layers.12.self_attn generation=2/8 best_nmse=0.000655 stagnant=0
[rotation-search] site=model.decoder.layers.12.self_attn generation=3/8 best_nmse=0.000644 stagnant=0
[rotation-search] site=model.decoder.layers.12.self_attn generation=4/8 best_nmse=0.000644 stagnant=1
[rotation-search] site=model.decoder.layers.12.self_attn generation=5/8 best_nmse=0.000643 stagnant=0
[rotation-search] site=model.decoder.layers.12.self_attn generation=6/8 best_nmse=0.000643 stagnant=1
[rotation-search] site=model.decoder.layers.12.self_attn generation=7/8 best_nmse=0.000643 stagnant=2
[rotation-search] site=model.decoder.layers.12.self_attn generation=8/8 best_nmse=0.000643 stagnant=3
[rotation-search] site=model.decoder.layers.12.self_attn committed_nmse=0.000643
[rotation-search] site=model.decoder.layers.12.encoder_attn start population=6
[rotation-search] site=model.decoder.layers.12.encoder_attn generation=1/8 best_nmse=0.000621 stagnant=0
[rotation-search] site=model.decoder.layers.12.encoder_attn generation=2/8 best_nmse=0.000621 stagnant=1
[rotation-search] site=model.decoder.layers.12.encoder_attn generation=3/8 best_nmse=0.000621 stagnant=2
[rotation-search] site=model.decoder.layers.12.encoder_attn generation=4/8 best_nmse=0.000621 stagnant=0
[rotation-search] site=model.decoder.layers.12.encoder_attn generation=5/8 best_nmse=0.000616 stagnant=0
[rotation-search] site=model.decoder.layers.12.encoder_attn generation=6/8 best_nmse=0.000616 stagnant=1
[rotation-search] site=model.decoder.layers.12.encoder_attn generation=7/8 best_nmse=0.000613 stagnant=0
[rotation-search] site=model.decoder.layers.12.encoder_attn generation=8/8 best_nmse=0.000608 stagnant=0
[rotation-search] site=model.decoder.layers.12.encoder_attn committed_nmse=0.000608
[rotation-search] site=model.decoder.layers.13.self_attn start population=6
[rotation-search] site=model.decoder.layers.13.self_attn generation=1/8 best_nmse=0.000936 stagnant=0
[rotation-search] site=model.decoder.layers.13.self_attn generation=2/8 best_nmse=0.000920 stagnant=0
[rotation-search] site=model.decoder.layers.13.self_attn generation=3/8 best_nmse=0.000918 stagnant=0
[rotation-search] site=model.decoder.layers.13.self_attn generation=4/8 best_nmse=0.000917 stagnant=0
[rotation-search] site=model.decoder.layers.13.self_attn generation=5/8 best_nmse=0.000913 stagnant=0
[rotation-search] site=model.decoder.layers.13.self_attn generation=6/8 best_nmse=0.000913 stagnant=1
[rotation-search] site=model.decoder.layers.13.self_attn generation=7/8 best_nmse=0.000913 stagnant=2
[rotation-search] site=model.decoder.layers.13.self_attn generation=8/8 best_nmse=0.000913 stagnant=3
[rotation-search] site=model.decoder.layers.13.self_attn committed_nmse=0.000913
[rotation-search] site=model.decoder.layers.13.encoder_attn start population=6
[rotation-search] site=model.decoder.layers.13.encoder_attn generation=1/8 best_nmse=0.000880 stagnant=0
[rotation-search] site=model.decoder.layers.13.encoder_attn generation=2/8 best_nmse=0.000878 stagnant=0
[rotation-search] site=model.decoder.layers.13.encoder_attn generation=3/8 best_nmse=0.000874 stagnant=0
[rotation-search] site=model.decoder.layers.13.encoder_attn generation=4/8 best_nmse=0.000874 stagnant=1
[rotation-search] site=model.decoder.layers.13.encoder_attn generation=5/8 best_nmse=0.000874 stagnant=2
[rotation-search] site=model.decoder.layers.13.encoder_attn generation=6/8 best_nmse=0.000874 stagnant=3
[rotation-search] site=model.decoder.layers.13.encoder_attn generation=7/8 best_nmse=0.000873 stagnant=0
[rotation-search] site=model.decoder.layers.13.encoder_attn generation=8/8 best_nmse=0.000873 stagnant=1
[rotation-search] site=model.decoder.layers.13.encoder_attn committed_nmse=0.000873
[rotation-search] site=model.decoder.layers.14.self_attn start population=6
[rotation-search] site=model.decoder.layers.14.self_attn generation=1/8 best_nmse=0.000783 stagnant=0
[rotation-search] site=model.decoder.layers.14.self_attn generation=2/8 best_nmse=0.000783 stagnant=1
[rotation-search] site=model.decoder.layers.14.self_attn generation=3/8 best_nmse=0.000783 stagnant=0
[rotation-search] site=model.decoder.layers.14.self_attn generation=4/8 best_nmse=0.000780 stagnant=0
[rotation-search] site=model.decoder.layers.14.self_attn generation=5/8 best_nmse=0.000775 stagnant=0
[rotation-search] site=model.decoder.layers.14.self_attn generation=6/8 best_nmse=0.000775 stagnant=1
[rotation-search] site=model.decoder.layers.14.self_attn generation=7/8 best_nmse=0.000775 stagnant=2
[rotation-search] site=model.decoder.layers.14.self_attn generation=8/8 best_nmse=0.000775 stagnant=0
[rotation-search] site=model.decoder.layers.14.self_attn committed_nmse=0.000775
[rotation-search] site=model.decoder.layers.14.encoder_attn start population=6
[rotation-search] site=model.decoder.layers.14.encoder_attn generation=1/8 best_nmse=0.000775 stagnant=0
[rotation-search] site=model.decoder.layers.14.encoder_attn generation=2/8 best_nmse=0.000747 stagnant=0
[rotation-search] site=model.decoder.layers.14.encoder_attn generation=3/8 best_nmse=0.000719 stagnant=0
[rotation-search] site=model.decoder.layers.14.encoder_attn generation=4/8 best_nmse=0.000719 stagnant=1
[rotation-search] site=model.decoder.layers.14.encoder_attn generation=5/8 best_nmse=0.000719 stagnant=2
[rotation-search] site=model.decoder.layers.14.encoder_attn generation=6/8 best_nmse=0.000719 stagnant=0
[rotation-search] site=model.decoder.layers.14.encoder_attn generation=7/8 best_nmse=0.000719 stagnant=1
[rotation-search] site=model.decoder.layers.14.encoder_attn generation=8/8 best_nmse=0.000719 stagnant=2
[rotation-search] site=model.decoder.layers.14.encoder_attn committed_nmse=0.000719
[rotation-search] site=model.decoder.layers.15.self_attn start population=6
[rotation-search] site=model.decoder.layers.15.self_attn generation=1/8 best_nmse=0.000889 stagnant=0
[rotation-search] site=model.decoder.layers.15.self_attn generation=2/8 best_nmse=0.000878 stagnant=0
[rotation-search] site=model.decoder.layers.15.self_attn generation=3/8 best_nmse=0.000878 stagnant=1
[rotation-search] site=model.decoder.layers.15.self_attn generation=4/8 best_nmse=0.000878 stagnant=2
[rotation-search] site=model.decoder.layers.15.self_attn generation=5/8 best_nmse=0.000873 stagnant=0
[rotation-search] site=model.decoder.layers.15.self_attn generation=6/8 best_nmse=0.000873 stagnant=1
[rotation-search] site=model.decoder.layers.15.self_attn generation=7/8 best_nmse=0.000873 stagnant=2
[rotation-search] site=model.decoder.layers.15.self_attn generation=8/8 best_nmse=0.000873 stagnant=3
[rotation-search] site=model.decoder.layers.15.self_attn committed_nmse=0.000873
[rotation-search] site=model.decoder.layers.15.encoder_attn start population=6
[rotation-search] site=model.decoder.layers.15.encoder_attn generation=1/8 best_nmse=0.000820 stagnant=0
[rotation-search] site=model.decoder.layers.15.encoder_attn generation=2/8 best_nmse=0.000784 stagnant=0
[rotation-search] site=model.decoder.layers.15.encoder_attn generation=3/8 best_nmse=0.000784 stagnant=1
[rotation-search] site=model.decoder.layers.15.encoder_attn generation=4/8 best_nmse=0.000784 stagnant=2
[rotation-search] site=model.decoder.layers.15.encoder_attn generation=5/8 best_nmse=0.000778 stagnant=0
[rotation-search] site=model.decoder.layers.15.encoder_attn generation=6/8 best_nmse=0.000776 stagnant=0
[rotation-search] site=model.decoder.layers.15.encoder_attn generation=7/8 best_nmse=0.000775 stagnant=0
[rotation-search] site=model.decoder.layers.15.encoder_attn generation=8/8 best_nmse=0.000775 stagnant=0
[rotation-search] site=model.decoder.layers.15.encoder_attn committed_nmse=0.000775
[rotation-search] site=model.decoder.layers.16.self_attn start population=6
[rotation-search] site=model.decoder.layers.16.self_attn generation=1/8 best_nmse=0.001012 stagnant=0
[rotation-search] site=model.decoder.layers.16.self_attn generation=2/8 best_nmse=0.001012 stagnant=1
[rotation-search] site=model.decoder.layers.16.self_attn generation=3/8 best_nmse=0.001000 stagnant=0
[rotation-search] site=model.decoder.layers.16.self_attn generation=4/8 best_nmse=0.001000 stagnant=1
[rotation-search] site=model.decoder.layers.16.self_attn generation=5/8 best_nmse=0.001000 stagnant=2
[rotation-search] site=model.decoder.layers.16.self_attn generation=6/8 best_nmse=0.001000 stagnant=3
[rotation-search] site=model.decoder.layers.16.self_attn generation=7/8 best_nmse=0.000999 stagnant=0
[rotation-search] site=model.decoder.layers.16.self_attn generation=8/8 best_nmse=0.000999 stagnant=1
[rotation-search] site=model.decoder.layers.16.self_attn committed_nmse=0.000999
[rotation-search] site=model.decoder.layers.16.encoder_attn start population=6
[rotation-search] site=model.decoder.layers.16.encoder_attn generation=1/8 best_nmse=0.000875 stagnant=0
[rotation-search] site=model.decoder.layers.16.encoder_attn generation=2/8 best_nmse=0.000875 stagnant=1
[rotation-search] site=model.decoder.layers.16.encoder_attn generation=3/8 best_nmse=0.000875 stagnant=2
[rotation-search] site=model.decoder.layers.16.encoder_attn generation=4/8 best_nmse=0.000873 stagnant=0
[rotation-search] site=model.decoder.layers.16.encoder_attn generation=5/8 best_nmse=0.000873 stagnant=1
[rotation-search] site=model.decoder.layers.16.encoder_attn generation=6/8 best_nmse=0.000873 stagnant=2
[rotation-search] site=model.decoder.layers.16.encoder_attn generation=7/8 best_nmse=0.000873 stagnant=3
[rotation-search] site=model.decoder.layers.16.encoder_attn generation=8/8 best_nmse=0.000873 stagnant=4
[rotation-search] site=model.decoder.layers.16.encoder_attn early-stop patience=4
[rotation-search] site=model.decoder.layers.16.encoder_attn committed_nmse=0.000873
[rotation-search] site=model.decoder.layers.17.self_attn start population=6
[rotation-search] site=model.decoder.layers.17.self_attn generation=1/8 best_nmse=0.000783 stagnant=0
[rotation-search] site=model.decoder.layers.17.self_attn generation=2/8 best_nmse=0.000783 stagnant=1
[rotation-search] site=model.decoder.layers.17.self_attn generation=3/8 best_nmse=0.000783 stagnant=2
[rotation-search] site=model.decoder.layers.17.self_attn generation=4/8 best_nmse=0.000782 stagnant=0
[rotation-search] site=model.decoder.layers.17.self_attn generation=5/8 best_nmse=0.000781 stagnant=0
[rotation-search] site=model.decoder.layers.17.self_attn generation=6/8 best_nmse=0.000781 stagnant=1
[rotation-search] site=model.decoder.layers.17.self_attn generation=7/8 best_nmse=0.000781 stagnant=0
[rotation-search] site=model.decoder.layers.17.self_attn generation=8/8 best_nmse=0.000780 stagnant=0
[rotation-search] site=model.decoder.layers.17.self_attn committed_nmse=0.000780
[rotation-search] site=model.decoder.layers.17.encoder_attn start population=6
[rotation-search] site=model.decoder.layers.17.encoder_attn generation=1/8 best_nmse=0.000780 stagnant=0
[rotation-search] site=model.decoder.layers.17.encoder_attn generation=2/8 best_nmse=0.000772 stagnant=0
[rotation-search] site=model.decoder.layers.17.encoder_attn generation=3/8 best_nmse=0.000772 stagnant=1
[rotation-search] site=model.decoder.layers.17.encoder_attn generation=4/8 best_nmse=0.000772 stagnant=2
[rotation-search] site=model.decoder.layers.17.encoder_attn generation=5/8 best_nmse=0.000772 stagnant=3
[rotation-search] site=model.decoder.layers.17.encoder_attn generation=6/8 best_nmse=0.000772 stagnant=4
[rotation-search] site=model.decoder.layers.17.encoder_attn early-stop patience=4
[rotation-search] site=model.decoder.layers.17.encoder_attn committed_nmse=0.000772
[rotation-search] site=model.decoder.layers.18.self_attn start population=6
[rotation-search] site=model.decoder.layers.18.self_attn generation=1/8 best_nmse=0.001064 stagnant=0
[rotation-search] site=model.decoder.layers.18.self_attn generation=2/8 best_nmse=0.001064 stagnant=1
[rotation-search] site=model.decoder.layers.18.self_attn generation=3/8 best_nmse=0.001064 stagnant=2
[rotation-search] site=model.decoder.layers.18.self_attn generation=4/8 best_nmse=0.001064 stagnant=3
[rotation-search] site=model.decoder.layers.18.self_attn generation=5/8 best_nmse=0.001064 stagnant=4
[rotation-search] site=model.decoder.layers.18.self_attn early-stop patience=4
[rotation-search] site=model.decoder.layers.18.self_attn committed_nmse=0.001064
[rotation-search] site=model.decoder.layers.18.encoder_attn start population=6
[rotation-search] site=model.decoder.layers.18.encoder_attn generation=1/8 best_nmse=0.001007 stagnant=0
[rotation-search] site=model.decoder.layers.18.encoder_attn generation=2/8 best_nmse=0.001007 stagnant=1
[rotation-search] site=model.decoder.layers.18.encoder_attn generation=3/8 best_nmse=0.001005 stagnant=0
[rotation-search] site=model.decoder.layers.18.encoder_attn generation=4/8 best_nmse=0.001004 stagnant=0
[rotation-search] site=model.decoder.layers.18.encoder_attn generation=5/8 best_nmse=0.001004 stagnant=0
[rotation-search] site=model.decoder.layers.18.encoder_attn generation=6/8 best_nmse=0.000995 stagnant=0
[rotation-search] site=model.decoder.layers.18.encoder_attn generation=7/8 best_nmse=0.000992 stagnant=0
[rotation-search] site=model.decoder.layers.18.encoder_attn generation=8/8 best_nmse=0.000990 stagnant=0
[rotation-search] site=model.decoder.layers.18.encoder_attn committed_nmse=0.000990
[rotation-search] site=model.decoder.layers.19.self_attn start population=6
[rotation-search] site=model.decoder.layers.19.self_attn generation=1/8 best_nmse=0.001091 stagnant=0
[rotation-search] site=model.decoder.layers.19.self_attn generation=2/8 best_nmse=0.001091 stagnant=1
[rotation-search] site=model.decoder.layers.19.self_attn generation=3/8 best_nmse=0.001091 stagnant=0
[rotation-search] site=model.decoder.layers.19.self_attn generation=4/8 best_nmse=0.001091 stagnant=0
[rotation-search] site=model.decoder.layers.19.self_attn generation=5/8 best_nmse=0.001091 stagnant=1
[rotation-search] site=model.decoder.layers.19.self_attn generation=6/8 best_nmse=0.001091 stagnant=2
[rotation-search] site=model.decoder.layers.19.self_attn generation=7/8 best_nmse=0.001090 stagnant=0
[rotation-search] site=model.decoder.layers.19.self_attn generation=8/8 best_nmse=0.001088 stagnant=0
[rotation-search] site=model.decoder.layers.19.self_attn committed_nmse=0.001088
[rotation-search] site=model.decoder.layers.19.encoder_attn start population=6
[rotation-search] site=model.decoder.layers.19.encoder_attn generation=1/8 best_nmse=0.000924 stagnant=0
[rotation-search] site=model.decoder.layers.19.encoder_attn generation=2/8 best_nmse=0.000924 stagnant=1
[rotation-search] site=model.decoder.layers.19.encoder_attn generation=3/8 best_nmse=0.000924 stagnant=2
[rotation-search] site=model.decoder.layers.19.encoder_attn generation=4/8 best_nmse=0.000923 stagnant=0
[rotation-search] site=model.decoder.layers.19.encoder_attn generation=5/8 best_nmse=0.000919 stagnant=0
[rotation-search] site=model.decoder.layers.19.encoder_attn generation=6/8 best_nmse=0.000895 stagnant=0
[rotation-search] site=model.decoder.layers.19.encoder_attn generation=7/8 best_nmse=0.000895 stagnant=1
[rotation-search] site=model.decoder.layers.19.encoder_attn generation=8/8 best_nmse=0.000885 stagnant=0
[rotation-search] site=model.decoder.layers.19.encoder_attn committed_nmse=0.000885
[rotation-search] site=model.decoder.layers.20.self_attn start population=6
[rotation-search] site=model.decoder.layers.20.self_attn generation=1/8 best_nmse=0.000972 stagnant=0
[rotation-search] site=model.decoder.layers.20.self_attn generation=2/8 best_nmse=0.000972 stagnant=1
[rotation-search] site=model.decoder.layers.20.self_attn generation=3/8 best_nmse=0.000966 stagnant=0
[rotation-search] site=model.decoder.layers.20.self_attn generation=4/8 best_nmse=0.000964 stagnant=0
[rotation-search] site=model.decoder.layers.20.self_attn generation=5/8 best_nmse=0.000963 stagnant=0
[rotation-search] site=model.decoder.layers.20.self_attn generation=6/8 best_nmse=0.000963 stagnant=1
[rotation-search] site=model.decoder.layers.20.self_attn generation=7/8 best_nmse=0.000963 stagnant=2
[rotation-search] site=model.decoder.layers.20.self_attn generation=8/8 best_nmse=0.000962 stagnant=0
[rotation-search] site=model.decoder.layers.20.self_attn committed_nmse=0.000962
[rotation-search] site=model.decoder.layers.20.encoder_attn start population=6
[rotation-search] site=model.decoder.layers.20.encoder_attn generation=1/8 best_nmse=0.000891 stagnant=0
[rotation-search] site=model.decoder.layers.20.encoder_attn generation=2/8 best_nmse=0.000891 stagnant=1
[rotation-search] site=model.decoder.layers.20.encoder_attn generation=3/8 best_nmse=0.000891 stagnant=2
[rotation-search] site=model.decoder.layers.20.encoder_attn generation=4/8 best_nmse=0.000891 stagnant=3
[rotation-search] site=model.decoder.layers.20.encoder_attn generation=5/8 best_nmse=0.000869 stagnant=0
[rotation-search] site=model.decoder.layers.20.encoder_attn generation=6/8 best_nmse=0.000866 stagnant=0
[rotation-search] site=model.decoder.layers.20.encoder_attn generation=7/8 best_nmse=0.000866 stagnant=1
[rotation-search] site=model.decoder.layers.20.encoder_attn generation=8/8 best_nmse=0.000863 stagnant=0
[rotation-search] site=model.decoder.layers.20.encoder_attn committed_nmse=0.000863
[rotation-search] site=model.decoder.layers.21.self_attn start population=6
[rotation-search] site=model.decoder.layers.21.self_attn generation=1/8 best_nmse=0.000876 stagnant=0
[rotation-search] site=model.decoder.layers.21.self_attn generation=2/8 best_nmse=0.000875 stagnant=0
[rotation-search] site=model.decoder.layers.21.self_attn generation=3/8 best_nmse=0.000875 stagnant=1
[rotation-search] site=model.decoder.layers.21.self_attn generation=4/8 best_nmse=0.000873 stagnant=0
[rotation-search] site=model.decoder.layers.21.self_attn generation=5/8 best_nmse=0.000871 stagnant=0
[rotation-search] site=model.decoder.layers.21.self_attn generation=6/8 best_nmse=0.000871 stagnant=1
[rotation-search] site=model.decoder.layers.21.self_attn generation=7/8 best_nmse=0.000867 stagnant=0
[rotation-search] site=model.decoder.layers.21.self_attn generation=8/8 best_nmse=0.000865 stagnant=0
[rotation-search] site=model.decoder.layers.21.self_attn committed_nmse=0.000865
[rotation-search] site=model.decoder.layers.21.encoder_attn start population=6
[rotation-search] site=model.decoder.layers.21.encoder_attn generation=1/8 best_nmse=0.000815 stagnant=0
[rotation-search] site=model.decoder.layers.21.encoder_attn generation=2/8 best_nmse=0.000815 stagnant=1
[rotation-search] site=model.decoder.layers.21.encoder_attn generation=3/8 best_nmse=0.000807 stagnant=0
[rotation-search] site=model.decoder.layers.21.encoder_attn generation=4/8 best_nmse=0.000807 stagnant=1
[rotation-search] site=model.decoder.layers.21.encoder_attn generation=5/8 best_nmse=0.000807 stagnant=2
[rotation-search] site=model.decoder.layers.21.encoder_attn generation=6/8 best_nmse=0.000772 stagnant=0
[rotation-search] site=model.decoder.layers.21.encoder_attn generation=7/8 best_nmse=0.000772 stagnant=1
[rotation-search] site=model.decoder.layers.21.encoder_attn generation=8/8 best_nmse=0.000768 stagnant=0
[rotation-search] site=model.decoder.layers.21.encoder_attn committed_nmse=0.000768
[rotation-search] site=model.decoder.layers.22.self_attn start population=6
[rotation-search] site=model.decoder.layers.22.self_attn generation=1/8 best_nmse=0.000698 stagnant=0
[rotation-search] site=model.decoder.layers.22.self_attn generation=2/8 best_nmse=0.000698 stagnant=1
[rotation-search] site=model.decoder.layers.22.self_attn generation=3/8 best_nmse=0.000698 stagnant=2
[rotation-search] site=model.decoder.layers.22.self_attn generation=4/8 best_nmse=0.000698 stagnant=3
[rotation-search] site=model.decoder.layers.22.self_attn generation=5/8 best_nmse=0.000698 stagnant=4
[rotation-search] site=model.decoder.layers.22.self_attn early-stop patience=4
[rotation-search] site=model.decoder.layers.22.self_attn committed_nmse=0.000698
[rotation-search] site=model.decoder.layers.22.encoder_attn start population=6
[rotation-search] site=model.decoder.layers.22.encoder_attn generation=1/8 best_nmse=0.000698 stagnant=0
[rotation-search] site=model.decoder.layers.22.encoder_attn generation=2/8 best_nmse=0.000698 stagnant=1
[rotation-search] site=model.decoder.layers.22.encoder_attn generation=3/8 best_nmse=0.000698 stagnant=2
[rotation-search] site=model.decoder.layers.22.encoder_attn generation=4/8 best_nmse=0.000698 stagnant=3
[rotation-search] site=model.decoder.layers.22.encoder_attn generation=5/8 best_nmse=0.000698 stagnant=4
[rotation-search] site=model.decoder.layers.22.encoder_attn early-stop patience=4
[rotation-search] site=model.decoder.layers.22.encoder_attn committed_nmse=0.000698
[rotation-search] site=model.decoder.layers.23.self_attn start population=6
[rotation-search] site=model.decoder.layers.23.self_attn generation=1/8 best_nmse=0.001017 stagnant=0
[rotation-search] site=model.decoder.layers.23.self_attn generation=2/8 best_nmse=0.001013 stagnant=0
[rotation-search] site=model.decoder.layers.23.self_attn generation=3/8 best_nmse=0.001002 stagnant=0
[rotation-search] site=model.decoder.layers.23.self_attn generation=4/8 best_nmse=0.001002 stagnant=1
[rotation-search] site=model.decoder.layers.23.self_attn generation=5/8 best_nmse=0.001001 stagnant=0
[rotation-search] site=model.decoder.layers.23.self_attn generation=6/8 best_nmse=0.001001 stagnant=1
[rotation-search] site=model.decoder.layers.23.self_attn generation=7/8 best_nmse=0.000998 stagnant=0
[rotation-search] site=model.decoder.layers.23.self_attn generation=8/8 best_nmse=0.000998 stagnant=1
[rotation-search] site=model.decoder.layers.23.self_attn committed_nmse=0.000998
[rotation-search] site=model.decoder.layers.23.encoder_attn start population=6
[rotation-search] site=model.decoder.layers.23.encoder_attn generation=1/8 best_nmse=0.000904 stagnant=0
[rotation-search] site=model.decoder.layers.23.encoder_attn generation=2/8 best_nmse=0.000882 stagnant=0
[rotation-search] site=model.decoder.layers.23.encoder_attn generation=3/8 best_nmse=0.000882 stagnant=1
[rotation-search] site=model.decoder.layers.23.encoder_attn generation=4/8 best_nmse=0.000882 stagnant=2
[rotation-search] site=model.decoder.layers.23.encoder_attn generation=5/8 best_nmse=0.000882 stagnant=3
[rotation-search] site=model.decoder.layers.23.encoder_attn generation=6/8 best_nmse=0.000831 stagnant=0
[rotation-search] site=model.decoder.layers.23.encoder_attn generation=7/8 best_nmse=0.000774 stagnant=0
[rotation-search] site=model.decoder.layers.23.encoder_attn generation=8/8 best_nmse=0.000771 stagnant=0
[rotation-search] site=model.decoder.layers.23.encoder_attn committed_nmse=0.000771
[rotation-search] site=model.decoder.layers.24.self_attn start population=6
[rotation-search] site=model.decoder.layers.24.self_attn generation=1/8 best_nmse=0.000961 stagnant=0
[rotation-search] site=model.decoder.layers.24.self_attn generation=2/8 best_nmse=0.000961 stagnant=1
[rotation-search] site=model.decoder.layers.24.self_attn generation=3/8 best_nmse=0.000960 stagnant=0
[rotation-search] site=model.decoder.layers.24.self_attn generation=4/8 best_nmse=0.000958 stagnant=0
[rotation-search] site=model.decoder.layers.24.self_attn generation=5/8 best_nmse=0.000958 stagnant=1
[rotation-search] site=model.decoder.layers.24.self_attn generation=6/8 best_nmse=0.000956 stagnant=0
[rotation-search] site=model.decoder.layers.24.self_attn generation=7/8 best_nmse=0.000956 stagnant=1
[rotation-search] site=model.decoder.layers.24.self_attn generation=8/8 best_nmse=0.000955 stagnant=0
[rotation-search] site=model.decoder.layers.24.self_attn committed_nmse=0.000955
[rotation-search] site=model.decoder.layers.24.encoder_attn start population=6
[rotation-search] site=model.decoder.layers.24.encoder_attn generation=1/8 best_nmse=0.000806 stagnant=0
[rotation-search] site=model.decoder.layers.24.encoder_attn generation=2/8 best_nmse=0.000806 stagnant=1
[rotation-search] site=model.decoder.layers.24.encoder_attn generation=3/8 best_nmse=0.000806 stagnant=2
[rotation-search] site=model.decoder.layers.24.encoder_attn generation=4/8 best_nmse=0.000803 stagnant=0
[rotation-search] site=model.decoder.layers.24.encoder_attn generation=5/8 best_nmse=0.000803 stagnant=1
[rotation-search] site=model.decoder.layers.24.encoder_attn generation=6/8 best_nmse=0.000803 stagnant=2
[rotation-search] site=model.decoder.layers.24.encoder_attn generation=7/8 best_nmse=0.000803 stagnant=3
[rotation-search] site=model.decoder.layers.24.encoder_attn generation=8/8 best_nmse=0.000803 stagnant=0
[rotation-search] site=model.decoder.layers.24.encoder_attn committed_nmse=0.000803
[rotation-search] site=model.decoder.layers.25.self_attn start population=6
[rotation-search] site=model.decoder.layers.25.self_attn generation=1/8 best_nmse=0.000920 stagnant=0
[rotation-search] site=model.decoder.layers.25.self_attn generation=2/8 best_nmse=0.000920 stagnant=1
[rotation-search] site=model.decoder.layers.25.self_attn generation=3/8 best_nmse=0.000919 stagnant=0
[rotation-search] site=model.decoder.layers.25.self_attn generation=4/8 best_nmse=0.000914 stagnant=0
[rotation-search] site=model.decoder.layers.25.self_attn generation=5/8 best_nmse=0.000910 stagnant=0
[rotation-search] site=model.decoder.layers.25.self_attn generation=6/8 best_nmse=0.000910 stagnant=1
[rotation-search] site=model.decoder.layers.25.self_attn generation=7/8 best_nmse=0.000910 stagnant=2
[rotation-search] site=model.decoder.layers.25.self_attn generation=8/8 best_nmse=0.000910 stagnant=3
[rotation-search] site=model.decoder.layers.25.self_attn committed_nmse=0.000910
[rotation-search] site=model.decoder.layers.25.encoder_attn start population=6
[rotation-search] site=model.decoder.layers.25.encoder_attn generation=1/8 best_nmse=0.000855 stagnant=0
[rotation-search] site=model.decoder.layers.25.encoder_attn generation=2/8 best_nmse=0.000855 stagnant=1
[rotation-search] site=model.decoder.layers.25.encoder_attn generation=3/8 best_nmse=0.000855 stagnant=2
[rotation-search] site=model.decoder.layers.25.encoder_attn generation=4/8 best_nmse=0.000854 stagnant=0
[rotation-search] site=model.decoder.layers.25.encoder_attn generation=5/8 best_nmse=0.000854 stagnant=1
[rotation-search] site=model.decoder.layers.25.encoder_attn generation=6/8 best_nmse=0.000854 stagnant=0
[rotation-search] site=model.decoder.layers.25.encoder_attn generation=7/8 best_nmse=0.000854 stagnant=0
[rotation-search] site=model.decoder.layers.25.encoder_attn generation=8/8 best_nmse=0.000854 stagnant=1
[rotation-search] site=model.decoder.layers.25.encoder_attn committed_nmse=0.000854
[rotation-search] site=model.decoder.layers.26.self_attn start population=6
[rotation-search] site=model.decoder.layers.26.self_attn generation=1/8 best_nmse=0.000736 stagnant=0
[rotation-search] site=model.decoder.layers.26.self_attn generation=2/8 best_nmse=0.000736 stagnant=1
[rotation-search] site=model.decoder.layers.26.self_attn generation=3/8 best_nmse=0.000736 stagnant=2
[rotation-search] site=model.decoder.layers.26.self_attn generation=4/8 best_nmse=0.000736 stagnant=3
[rotation-search] site=model.decoder.layers.26.self_attn generation=5/8 best_nmse=0.000736 stagnant=4
[rotation-search] site=model.decoder.layers.26.self_attn early-stop patience=4
[rotation-search] site=model.decoder.layers.26.self_attn committed_nmse=0.000736
[rotation-search] site=model.decoder.layers.26.encoder_attn start population=6
[rotation-search] site=model.decoder.layers.26.encoder_attn generation=1/8 best_nmse=0.000686 stagnant=0
[rotation-search] site=model.decoder.layers.26.encoder_attn generation=2/8 best_nmse=0.000686 stagnant=1
[rotation-search] site=model.decoder.layers.26.encoder_attn generation=3/8 best_nmse=0.000680 stagnant=0
[rotation-search] site=model.decoder.layers.26.encoder_attn generation=4/8 best_nmse=0.000680 stagnant=1
[rotation-search] site=model.decoder.layers.26.encoder_attn generation=5/8 best_nmse=0.000680 stagnant=2
[rotation-search] site=model.decoder.layers.26.encoder_attn generation=6/8 best_nmse=0.000678 stagnant=0
[rotation-search] site=model.decoder.layers.26.encoder_attn generation=7/8 best_nmse=0.000673 stagnant=0
[rotation-search] site=model.decoder.layers.26.encoder_attn generation=8/8 best_nmse=0.000673 stagnant=1
[rotation-search] site=model.decoder.layers.26.encoder_attn committed_nmse=0.000673
[rotation-search] site=model.decoder.layers.27.self_attn start population=6
[rotation-search] site=model.decoder.layers.27.self_attn generation=1/8 best_nmse=0.001501 stagnant=0
[rotation-search] site=model.decoder.layers.27.self_attn generation=2/8 best_nmse=0.001501 stagnant=1
[rotation-search] site=model.decoder.layers.27.self_attn generation=3/8 best_nmse=0.001499 stagnant=0
[rotation-search] site=model.decoder.layers.27.self_attn generation=4/8 best_nmse=0.001499 stagnant=1
[rotation-search] site=model.decoder.layers.27.self_attn generation=5/8 best_nmse=0.001499 stagnant=2
[rotation-search] site=model.decoder.layers.27.self_attn generation=6/8 best_nmse=0.001499 stagnant=3
[rotation-search] site=model.decoder.layers.27.self_attn generation=7/8 best_nmse=0.001497 stagnant=0
[rotation-search] site=model.decoder.layers.27.self_attn generation=8/8 best_nmse=0.001497 stagnant=1
[rotation-search] site=model.decoder.layers.27.self_attn committed_nmse=0.001497
[rotation-search] site=model.decoder.layers.27.encoder_attn start population=6
[rotation-search] site=model.decoder.layers.27.encoder_attn generation=1/8 best_nmse=0.001402 stagnant=0
[rotation-search] site=model.decoder.layers.27.encoder_attn generation=2/8 best_nmse=0.001226 stagnant=0
[rotation-search] site=model.decoder.layers.27.encoder_attn generation=3/8 best_nmse=0.001226 stagnant=1
[rotation-search] site=model.decoder.layers.27.encoder_attn generation=4/8 best_nmse=0.001226 stagnant=2
[rotation-search] site=model.decoder.layers.27.encoder_attn generation=5/8 best_nmse=0.001224 stagnant=0
[rotation-search] site=model.decoder.layers.27.encoder_attn generation=6/8 best_nmse=0.001224 stagnant=1
[rotation-search] site=model.decoder.layers.27.encoder_attn generation=7/8 best_nmse=0.001223 stagnant=0
[rotation-search] site=model.decoder.layers.27.encoder_attn generation=8/8 best_nmse=0.001223 stagnant=1
[rotation-search] site=model.decoder.layers.27.encoder_attn committed_nmse=0.001223
[rotation-search] site=model.decoder.layers.28.self_attn start population=6
[rotation-search] site=model.decoder.layers.28.self_attn generation=1/8 best_nmse=0.000691 stagnant=0
[rotation-search] site=model.decoder.layers.28.self_attn generation=2/8 best_nmse=0.000689 stagnant=0
[rotation-search] site=model.decoder.layers.28.self_attn generation=3/8 best_nmse=0.000689 stagnant=0
[rotation-search] site=model.decoder.layers.28.self_attn generation=4/8 best_nmse=0.000689 stagnant=0
[rotation-search] site=model.decoder.layers.28.self_attn generation=5/8 best_nmse=0.000687 stagnant=0
[rotation-search] site=model.decoder.layers.28.self_attn generation=6/8 best_nmse=0.000687 stagnant=1
[rotation-search] site=model.decoder.layers.28.self_attn generation=7/8 best_nmse=0.000687 stagnant=0
[rotation-search] site=model.decoder.layers.28.self_attn generation=8/8 best_nmse=0.000687 stagnant=1
[rotation-search] site=model.decoder.layers.28.self_attn committed_nmse=0.000687
[rotation-search] site=model.decoder.layers.28.encoder_attn start population=6
[rotation-search] site=model.decoder.layers.28.encoder_attn generation=1/8 best_nmse=0.000634 stagnant=0
[rotation-search] site=model.decoder.layers.28.encoder_attn generation=2/8 best_nmse=0.000633 stagnant=0
[rotation-search] site=model.decoder.layers.28.encoder_attn generation=3/8 best_nmse=0.000632 stagnant=0
[rotation-search] site=model.decoder.layers.28.encoder_attn generation=4/8 best_nmse=0.000632 stagnant=1
[rotation-search] site=model.decoder.layers.28.encoder_attn generation=5/8 best_nmse=0.000632 stagnant=0
[rotation-search] site=model.decoder.layers.28.encoder_attn generation=6/8 best_nmse=0.000632 stagnant=0
[rotation-search] site=model.decoder.layers.28.encoder_attn generation=7/8 best_nmse=0.000631 stagnant=0
[rotation-search] site=model.decoder.layers.28.encoder_attn generation=8/8 best_nmse=0.000631 stagnant=0
[rotation-search] site=model.decoder.layers.28.encoder_attn committed_nmse=0.000631
[rotation-search] site=model.decoder.layers.29.self_attn start population=6
[rotation-search] site=model.decoder.layers.29.self_attn generation=1/8 best_nmse=0.000970 stagnant=0
[rotation-search] site=model.decoder.layers.29.self_attn generation=2/8 best_nmse=0.000963 stagnant=0
[rotation-search] site=model.decoder.layers.29.self_attn generation=3/8 best_nmse=0.000956 stagnant=0
[rotation-search] site=model.decoder.layers.29.self_attn generation=4/8 best_nmse=0.000956 stagnant=1
[rotation-search] site=model.decoder.layers.29.self_attn generation=5/8 best_nmse=0.000956 stagnant=2
[rotation-search] site=model.decoder.layers.29.self_attn generation=6/8 best_nmse=0.000955 stagnant=0
[rotation-search] site=model.decoder.layers.29.self_attn generation=7/8 best_nmse=0.000946 stagnant=0
[rotation-search] site=model.decoder.layers.29.self_attn generation=8/8 best_nmse=0.000946 stagnant=1
[rotation-search] site=model.decoder.layers.29.self_attn committed_nmse=0.000946
[rotation-search] site=model.decoder.layers.29.encoder_attn start population=6
[rotation-search] site=model.decoder.layers.29.encoder_attn generation=1/8 best_nmse=0.000827 stagnant=0
[rotation-search] site=model.decoder.layers.29.encoder_attn generation=2/8 best_nmse=0.000794 stagnant=0
[rotation-search] site=model.decoder.layers.29.encoder_attn generation=3/8 best_nmse=0.000794 stagnant=1
[rotation-search] site=model.decoder.layers.29.encoder_attn generation=4/8 best_nmse=0.000794 stagnant=2
[rotation-search] site=model.decoder.layers.29.encoder_attn generation=5/8 best_nmse=0.000794 stagnant=3
[rotation-search] site=model.decoder.layers.29.encoder_attn generation=6/8 best_nmse=0.000794 stagnant=4
[rotation-search] site=model.decoder.layers.29.encoder_attn early-stop patience=4
[rotation-search] site=model.decoder.layers.29.encoder_attn committed_nmse=0.000794
[rotation-search] site=model.decoder.layers.30.self_attn start population=6
[rotation-search] site=model.decoder.layers.30.self_attn generation=1/8 best_nmse=0.001403 stagnant=0
[rotation-search] site=model.decoder.layers.30.self_attn generation=2/8 best_nmse=0.001403 stagnant=1
[rotation-search] site=model.decoder.layers.30.self_attn generation=3/8 best_nmse=0.001403 stagnant=2
[rotation-search] site=model.decoder.layers.30.self_attn generation=4/8 best_nmse=0.001402 stagnant=0
[rotation-search] site=model.decoder.layers.30.self_attn generation=5/8 best_nmse=0.001402 stagnant=1
[rotation-search] site=model.decoder.layers.30.self_attn generation=6/8 best_nmse=0.001401 stagnant=0
[rotation-search] site=model.decoder.layers.30.self_attn generation=7/8 best_nmse=0.001395 stagnant=0
[rotation-search] site=model.decoder.layers.30.self_attn generation=8/8 best_nmse=0.001374 stagnant=0
[rotation-search] site=model.decoder.layers.30.self_attn committed_nmse=0.001374
[rotation-search] site=model.decoder.layers.30.encoder_attn start population=6
[rotation-search] site=model.decoder.layers.30.encoder_attn generation=1/8 best_nmse=0.001374 stagnant=0
[rotation-search] site=model.decoder.layers.30.encoder_attn generation=2/8 best_nmse=0.001374 stagnant=1
[rotation-search] site=model.decoder.layers.30.encoder_attn generation=3/8 best_nmse=0.001374 stagnant=2
[rotation-search] site=model.decoder.layers.30.encoder_attn generation=4/8 best_nmse=0.001374 stagnant=3
[rotation-search] site=model.decoder.layers.30.encoder_attn generation=5/8 best_nmse=0.001284 stagnant=0
[rotation-search] site=model.decoder.layers.30.encoder_attn generation=6/8 best_nmse=0.001284 stagnant=1
[rotation-search] site=model.decoder.layers.30.encoder_attn generation=7/8 best_nmse=0.001284 stagnant=2
[rotation-search] site=model.decoder.layers.30.encoder_attn generation=8/8 best_nmse=0.001267 stagnant=0
[rotation-search] site=model.decoder.layers.30.encoder_attn committed_nmse=0.001267
[rotation-search] site=model.decoder.layers.31.self_attn start population=6
[rotation-search] site=model.decoder.layers.31.self_attn generation=1/8 best_nmse=0.001455 stagnant=0
[rotation-search] site=model.decoder.layers.31.self_attn generation=2/8 best_nmse=0.001445 stagnant=0
[rotation-search] site=model.decoder.layers.31.self_attn generation=3/8 best_nmse=0.001445 stagnant=1
[rotation-search] site=model.decoder.layers.31.self_attn generation=4/8 best_nmse=0.001445 stagnant=2
[rotation-search] site=model.decoder.layers.31.self_attn generation=5/8 best_nmse=0.001444 stagnant=0
[rotation-search] site=model.decoder.layers.31.self_attn generation=6/8 best_nmse=0.001444 stagnant=1
[rotation-search] site=model.decoder.layers.31.self_attn generation=7/8 best_nmse=0.001444 stagnant=2
[rotation-search] site=model.decoder.layers.31.self_attn generation=8/8 best_nmse=0.001444 stagnant=3
[rotation-search] site=model.decoder.layers.31.self_attn committed_nmse=0.001444
[rotation-search] site=model.decoder.layers.31.encoder_attn start population=6
[rotation-search] site=model.decoder.layers.31.encoder_attn generation=1/8 best_nmse=0.001175 stagnant=0
[rotation-search] site=model.decoder.layers.31.encoder_attn generation=2/8 best_nmse=0.001169 stagnant=0
[rotation-search] site=model.decoder.layers.31.encoder_attn generation=3/8 best_nmse=0.001169 stagnant=1
[rotation-search] site=model.decoder.layers.31.encoder_attn generation=4/8 best_nmse=0.001129 stagnant=0
[rotation-search] site=model.decoder.layers.31.encoder_attn generation=5/8 best_nmse=0.001062 stagnant=0
[rotation-search] site=model.decoder.layers.31.encoder_attn generation=6/8 best_nmse=0.001056 stagnant=0
[rotation-search] site=model.decoder.layers.31.encoder_attn generation=7/8 best_nmse=0.001050 stagnant=0
[rotation-search] site=model.decoder.layers.31.encoder_attn generation=8/8 best_nmse=0.001050 stagnant=1
[rotation-search] site=model.decoder.layers.31.encoder_attn committed_nmse=0.001050
====================
Starting Alternating Search!
====================
Round 1
global_generation 0
global_generation 1
global_generation 2
global_generation 3
global_generation 4
global_generation 5
global_generation 6
global_generation 7
[rotation-search] site=model.encoder.layers.0.self_attn start population=6
[rotation-search] site=model.encoder.layers.0.self_attn generation=1/8 best_nmse=0.137046 stagnant=0
[rotation-search] site=model.encoder.layers.0.self_attn generation=2/8 best_nmse=0.136755 stagnant=0
[rotation-search] site=model.encoder.layers.0.self_attn generation=3/8 best_nmse=0.136755 stagnant=1
[rotation-search] site=model.encoder.layers.0.self_attn generation=4/8 best_nmse=0.136755 stagnant=2
[rotation-search] site=model.encoder.layers.0.self_attn generation=5/8 best_nmse=0.136755 stagnant=3
[rotation-search] site=model.encoder.layers.0.self_attn generation=6/8 best_nmse=0.136157 stagnant=0
[rotation-search] site=model.encoder.layers.0.self_attn generation=7/8 best_nmse=0.136157 stagnant=1
[rotation-search] site=model.encoder.layers.0.self_attn generation=8/8 best_nmse=0.136157 stagnant=2
[rotation-search] site=model.encoder.layers.0.self_attn committed_nmse=0.136157
[rotation-search] site=model.encoder.layers.1.self_attn start population=6
[rotation-search] site=model.encoder.layers.1.self_attn generation=1/8 best_nmse=0.054835 stagnant=0
[rotation-search] site=model.encoder.layers.1.self_attn generation=2/8 best_nmse=0.054835 stagnant=1
[rotation-search] site=model.encoder.layers.1.self_attn generation=3/8 best_nmse=0.054803 stagnant=0
[rotation-search] site=model.encoder.layers.1.self_attn generation=4/8 best_nmse=0.054803 stagnant=1
[rotation-search] site=model.encoder.layers.1.self_attn generation=5/8 best_nmse=0.054799 stagnant=0
[rotation-search] site=model.encoder.layers.1.self_attn generation=6/8 best_nmse=0.054799 stagnant=1
[rotation-search] site=model.encoder.layers.1.self_attn generation=7/8 best_nmse=0.054788 stagnant=0
[rotation-search] site=model.encoder.layers.1.self_attn generation=8/8 best_nmse=0.054676 stagnant=0
[rotation-search] site=model.encoder.layers.1.self_attn committed_nmse=0.054676
[rotation-search] site=model.encoder.layers.2.self_attn start population=6
[rotation-search] site=model.encoder.layers.2.self_attn generation=1/8 best_nmse=0.058518 stagnant=0
[rotation-search] site=model.encoder.layers.2.self_attn generation=2/8 best_nmse=0.058309 stagnant=0
[rotation-search] site=model.encoder.layers.2.self_attn generation=3/8 best_nmse=0.058309 stagnant=1
[rotation-search] site=model.encoder.layers.2.self_attn generation=4/8 best_nmse=0.058277 stagnant=0
[rotation-search] site=model.encoder.layers.2.self_attn generation=5/8 best_nmse=0.058224 stagnant=0
[rotation-search] site=model.encoder.layers.2.self_attn generation=6/8 best_nmse=0.058224 stagnant=1
[rotation-search] site=model.encoder.layers.2.self_attn generation=7/8 best_nmse=0.058214 stagnant=0
[rotation-search] site=model.encoder.layers.2.self_attn generation=8/8 best_nmse=0.058214 stagnant=1
[rotation-search] site=model.encoder.layers.2.self_attn committed_nmse=0.058214
[rotation-search] site=model.encoder.layers.3.self_attn start population=6
[rotation-search] site=model.encoder.layers.3.self_attn generation=1/8 best_nmse=0.096585 stagnant=0
[rotation-search] site=model.encoder.layers.3.self_attn generation=2/8 best_nmse=0.096544 stagnant=0
[rotation-search] site=model.encoder.layers.3.self_attn generation=3/8 best_nmse=0.096508 stagnant=0
[rotation-search] site=model.encoder.layers.3.self_attn generation=4/8 best_nmse=0.096508 stagnant=1
[rotation-search] site=model.encoder.layers.3.self_attn generation=5/8 best_nmse=0.096508 stagnant=2
[rotation-search] site=model.encoder.layers.3.self_attn generation=6/8 best_nmse=0.096508 stagnant=3
[rotation-search] site=model.encoder.layers.3.self_attn generation=7/8 best_nmse=0.096508 stagnant=4
[rotation-search] site=model.encoder.layers.3.self_attn early-stop patience=4
[rotation-search] site=model.encoder.layers.3.self_attn committed_nmse=0.096508
[rotation-search] site=model.encoder.layers.4.self_attn start population=6
[rotation-search] site=model.encoder.layers.4.self_attn generation=1/8 best_nmse=0.130562 stagnant=0
[rotation-search] site=model.encoder.layers.4.self_attn generation=2/8 best_nmse=0.130502 stagnant=0
[rotation-search] site=model.encoder.layers.4.self_attn generation=3/8 best_nmse=0.130490 stagnant=0
[rotation-search] site=model.encoder.layers.4.self_attn generation=4/8 best_nmse=0.130490 stagnant=1
[rotation-search] site=model.encoder.layers.4.self_attn generation=5/8 best_nmse=0.130471 stagnant=0
[rotation-search] site=model.encoder.layers.4.self_attn generation=6/8 best_nmse=0.130456 stagnant=0
[rotation-search] site=model.encoder.layers.4.self_attn generation=7/8 best_nmse=0.130324 stagnant=0
[rotation-search] site=model.encoder.layers.4.self_attn generation=8/8 best_nmse=0.130315 stagnant=0
[rotation-search] site=model.encoder.layers.4.self_attn committed_nmse=0.130315
[rotation-search] site=model.encoder.layers.5.self_attn start population=6
[rotation-search] site=model.encoder.layers.5.self_attn generation=1/8 best_nmse=0.026432 stagnant=0
[rotation-search] site=model.encoder.layers.5.self_attn generation=2/8 best_nmse=0.026432 stagnant=1
[rotation-search] site=model.encoder.layers.5.self_attn generation=3/8 best_nmse=0.026395 stagnant=0
[rotation-search] site=model.encoder.layers.5.self_attn generation=4/8 best_nmse=0.026395 stagnant=1
[rotation-search] site=model.encoder.layers.5.self_attn generation=5/8 best_nmse=0.026389 stagnant=0
[rotation-search] site=model.encoder.layers.5.self_attn generation=6/8 best_nmse=0.026389 stagnant=1
[rotation-search] site=model.encoder.layers.5.self_attn generation=7/8 best_nmse=0.026389 stagnant=2
[rotation-search] site=model.encoder.layers.5.self_attn generation=8/8 best_nmse=0.026389 stagnant=3
[rotation-search] site=model.encoder.layers.5.self_attn committed_nmse=0.026389
[rotation-search] site=model.encoder.layers.6.self_attn start population=6
[rotation-search] site=model.encoder.layers.6.self_attn generation=1/8 best_nmse=0.028887 stagnant=0
[rotation-search] site=model.encoder.layers.6.self_attn generation=2/8 best_nmse=0.028887 stagnant=1
[rotation-search] site=model.encoder.layers.6.self_attn generation=3/8 best_nmse=0.028887 stagnant=2
[rotation-search] site=model.encoder.layers.6.self_attn generation=4/8 best_nmse=0.028842 stagnant=0
[rotation-search] site=model.encoder.layers.6.self_attn generation=5/8 best_nmse=0.028816 stagnant=0
[rotation-search] site=model.encoder.layers.6.self_attn generation=6/8 best_nmse=0.028769 stagnant=0
[rotation-search] site=model.encoder.layers.6.self_attn generation=7/8 best_nmse=0.028763 stagnant=0
[rotation-search] site=model.encoder.layers.6.self_attn generation=8/8 best_nmse=0.028763 stagnant=1
[rotation-search] site=model.encoder.layers.6.self_attn committed_nmse=0.028763
[rotation-search] site=model.encoder.layers.7.self_attn start population=6
[rotation-search] site=model.encoder.layers.7.self_attn generation=1/8 best_nmse=0.016475 stagnant=0
[rotation-search] site=model.encoder.layers.7.self_attn generation=2/8 best_nmse=0.016475 stagnant=1
[rotation-search] site=model.encoder.layers.7.self_attn generation=3/8 best_nmse=0.016475 stagnant=2
[rotation-search] site=model.encoder.layers.7.self_attn generation=4/8 best_nmse=0.016475 stagnant=3
[rotation-search] site=model.encoder.layers.7.self_attn generation=5/8 best_nmse=0.016475 stagnant=4
[rotation-search] site=model.encoder.layers.7.self_attn early-stop patience=4
[rotation-search] site=model.encoder.layers.7.self_attn committed_nmse=0.016475
[rotation-search] site=model.encoder.layers.8.self_attn start population=6
[rotation-search] site=model.encoder.layers.8.self_attn generation=1/8 best_nmse=0.005692 stagnant=0
[rotation-search] site=model.encoder.layers.8.self_attn generation=2/8 best_nmse=0.005671 stagnant=0
[rotation-search] site=model.encoder.layers.8.self_attn generation=3/8 best_nmse=0.005671 stagnant=0
[rotation-search] site=model.encoder.layers.8.self_attn generation=4/8 best_nmse=0.005671 stagnant=1
[rotation-search] site=model.encoder.layers.8.self_attn generation=5/8 best_nmse=0.005671 stagnant=2
[rotation-search] site=model.encoder.layers.8.self_attn generation=6/8 best_nmse=0.005671 stagnant=3
[rotation-search] site=model.encoder.layers.8.self_attn generation=7/8 best_nmse=0.005667 stagnant=0
[rotation-search] site=model.encoder.layers.8.self_attn generation=8/8 best_nmse=0.005665 stagnant=0
[rotation-search] site=model.encoder.layers.8.self_attn committed_nmse=0.005665
[rotation-search] site=model.encoder.layers.9.self_attn start population=6
[rotation-search] site=model.encoder.layers.9.self_attn generation=1/8 best_nmse=0.003944 stagnant=0
[rotation-search] site=model.encoder.layers.9.self_attn generation=2/8 best_nmse=0.003939 stagnant=0
[rotation-search] site=model.encoder.layers.9.self_attn generation=3/8 best_nmse=0.003922 stagnant=0
[rotation-search] site=model.encoder.layers.9.self_attn generation=4/8 best_nmse=0.003910 stagnant=0
[rotation-search] site=model.encoder.layers.9.self_attn generation=5/8 best_nmse=0.003908 stagnant=0
[rotation-search] site=model.encoder.layers.9.self_attn generation=6/8 best_nmse=0.003897 stagnant=0
[rotation-search] site=model.encoder.layers.9.self_attn generation=7/8 best_nmse=0.003897 stagnant=1
[rotation-search] site=model.encoder.layers.9.self_attn generation=8/8 best_nmse=0.003897 stagnant=2
[rotation-search] site=model.encoder.layers.9.self_attn committed_nmse=0.003897
[rotation-search] site=model.encoder.layers.10.self_attn start population=6
[rotation-search] site=model.encoder.layers.10.self_attn generation=1/8 best_nmse=0.004428 stagnant=0
[rotation-search] site=model.encoder.layers.10.self_attn generation=2/8 best_nmse=0.004388 stagnant=0
[rotation-search] site=model.encoder.layers.10.self_attn generation=3/8 best_nmse=0.004388 stagnant=0
[rotation-search] site=model.encoder.layers.10.self_attn generation=4/8 best_nmse=0.004388 stagnant=1
[rotation-search] site=model.encoder.layers.10.self_attn generation=5/8 best_nmse=0.004369 stagnant=0
[rotation-search] site=model.encoder.layers.10.self_attn generation=6/8 best_nmse=0.004369 stagnant=1
[rotation-search] site=model.encoder.layers.10.self_attn generation=7/8 best_nmse=0.004369 stagnant=2
[rotation-search] site=model.encoder.layers.10.self_attn generation=8/8 best_nmse=0.004369 stagnant=3
[rotation-search] site=model.encoder.layers.10.self_attn committed_nmse=0.004369
[rotation-search] site=model.encoder.layers.11.self_attn start population=6
[rotation-search] site=model.encoder.layers.11.self_attn generation=1/8 best_nmse=0.009450 stagnant=0
[rotation-search] site=model.encoder.layers.11.self_attn generation=2/8 best_nmse=0.009448 stagnant=0
[rotation-search] site=model.encoder.layers.11.self_attn generation=3/8 best_nmse=0.009439 stagnant=0
[rotation-search] site=model.encoder.layers.11.self_attn generation=4/8 best_nmse=0.009431 stagnant=0
[rotation-search] site=model.encoder.layers.11.self_attn generation=5/8 best_nmse=0.009431 stagnant=1
[rotation-search] site=model.encoder.layers.11.self_attn generation=6/8 best_nmse=0.009420 stagnant=0
[rotation-search] site=model.encoder.layers.11.self_attn generation=7/8 best_nmse=0.009407 stagnant=0
[rotation-search] site=model.encoder.layers.11.self_attn generation=8/8 best_nmse=0.009407 stagnant=1
[rotation-search] site=model.encoder.layers.11.self_attn committed_nmse=0.009407
[rotation-search] site=model.encoder.layers.12.self_attn start population=6
[rotation-search] site=model.encoder.layers.12.self_attn generation=1/8 best_nmse=0.005203 stagnant=0
[rotation-search] site=model.encoder.layers.12.self_attn generation=2/8 best_nmse=0.005203 stagnant=1
[rotation-search] site=model.encoder.layers.12.self_attn generation=3/8 best_nmse=0.005203 stagnant=2
[rotation-search] site=model.encoder.layers.12.self_attn generation=4/8 best_nmse=0.005190 stagnant=0
[rotation-search] site=model.encoder.layers.12.self_attn generation=5/8 best_nmse=0.005178 stagnant=0
[rotation-search] site=model.encoder.layers.12.self_attn generation=6/8 best_nmse=0.005174 stagnant=0
[rotation-search] site=model.encoder.layers.12.self_attn generation=7/8 best_nmse=0.005155 stagnant=0
[rotation-search] site=model.encoder.layers.12.self_attn generation=8/8 best_nmse=0.005155 stagnant=1
[rotation-search] site=model.encoder.layers.12.self_attn committed_nmse=0.005155
[rotation-search] site=model.encoder.layers.13.self_attn start population=6
[rotation-search] site=model.encoder.layers.13.self_attn generation=1/8 best_nmse=0.004575 stagnant=0
[rotation-search] site=model.encoder.layers.13.self_attn generation=2/8 best_nmse=0.004575 stagnant=1
[rotation-search] site=model.encoder.layers.13.self_attn generation=3/8 best_nmse=0.004569 stagnant=0
[rotation-search] site=model.encoder.layers.13.self_attn generation=4/8 best_nmse=0.004562 stagnant=0
[rotation-search] site=model.encoder.layers.13.self_attn generation=5/8 best_nmse=0.004544 stagnant=0
[rotation-search] site=model.encoder.layers.13.self_attn generation=6/8 best_nmse=0.004544 stagnant=1
[rotation-search] site=model.encoder.layers.13.self_attn generation=7/8 best_nmse=0.004544 stagnant=2
[rotation-search] site=model.encoder.layers.13.self_attn generation=8/8 best_nmse=0.004544 stagnant=3
[rotation-search] site=model.encoder.layers.13.self_attn committed_nmse=0.004544
[rotation-search] site=model.encoder.layers.14.self_attn start population=6
[rotation-search] site=model.encoder.layers.14.self_attn generation=1/8 best_nmse=0.020065 stagnant=0
[rotation-search] site=model.encoder.layers.14.self_attn generation=2/8 best_nmse=0.020028 stagnant=0
[rotation-search] site=model.encoder.layers.14.self_attn generation=3/8 best_nmse=0.019988 stagnant=0
[rotation-search] site=model.encoder.layers.14.self_attn generation=4/8 best_nmse=0.019988 stagnant=1
[rotation-search] site=model.encoder.layers.14.self_attn generation=5/8 best_nmse=0.019970 stagnant=0
[rotation-search] site=model.encoder.layers.14.self_attn generation=6/8 best_nmse=0.019957 stagnant=0
[rotation-search] site=model.encoder.layers.14.self_attn generation=7/8 best_nmse=0.019944 stagnant=0
[rotation-search] site=model.encoder.layers.14.self_attn generation=8/8 best_nmse=0.019944 stagnant=1
[rotation-search] site=model.encoder.layers.14.self_attn committed_nmse=0.019944
[rotation-search] site=model.encoder.layers.15.self_attn start population=6
[rotation-search] site=model.encoder.layers.15.self_attn generation=1/8 best_nmse=0.003447 stagnant=0
[rotation-search] site=model.encoder.layers.15.self_attn generation=2/8 best_nmse=0.003447 stagnant=1
[rotation-search] site=model.encoder.layers.15.self_attn generation=3/8 best_nmse=0.003447 stagnant=2
[rotation-search] site=model.encoder.layers.15.self_attn generation=4/8 best_nmse=0.003444 stagnant=0
[rotation-search] site=model.encoder.layers.15.self_attn generation=5/8 best_nmse=0.003444 stagnant=1
[rotation-search] site=model.encoder.layers.15.self_attn generation=6/8 best_nmse=0.003444 stagnant=2
[rotation-search] site=model.encoder.layers.15.self_attn generation=7/8 best_nmse=0.003444 stagnant=3
[rotation-search] site=model.encoder.layers.15.self_attn generation=8/8 best_nmse=0.003444 stagnant=4
[rotation-search] site=model.encoder.layers.15.self_attn early-stop patience=4
[rotation-search] site=model.encoder.layers.15.self_attn committed_nmse=0.003444
[rotation-search] site=model.encoder.layers.16.self_attn start population=6
[rotation-search] site=model.encoder.layers.16.self_attn generation=1/8 best_nmse=0.003190 stagnant=0
[rotation-search] site=model.encoder.layers.16.self_attn generation=2/8 best_nmse=0.003190 stagnant=1
[rotation-search] site=model.encoder.layers.16.self_attn generation=3/8 best_nmse=0.003188 stagnant=0
[rotation-search] site=model.encoder.layers.16.self_attn generation=4/8 best_nmse=0.003186 stagnant=0
[rotation-search] site=model.encoder.layers.16.self_attn generation=5/8 best_nmse=0.003155 stagnant=0
[rotation-search] site=model.encoder.layers.16.self_attn generation=6/8 best_nmse=0.003155 stagnant=1
[rotation-search] site=model.encoder.layers.16.self_attn generation=7/8 best_nmse=0.003151 stagnant=0
[rotation-search] site=model.encoder.layers.16.self_attn generation=8/8 best_nmse=0.003151 stagnant=1
[rotation-search] site=model.encoder.layers.16.self_attn committed_nmse=0.003151
[rotation-search] site=model.encoder.layers.17.self_attn start population=6
[rotation-search] site=model.encoder.layers.17.self_attn generation=1/8 best_nmse=0.015649 stagnant=0
[rotation-search] site=model.encoder.layers.17.self_attn generation=2/8 best_nmse=0.015635 stagnant=0
[rotation-search] site=model.encoder.layers.17.self_attn generation=3/8 best_nmse=0.015584 stagnant=0
[rotation-search] site=model.encoder.layers.17.self_attn generation=4/8 best_nmse=0.015563 stagnant=0
[rotation-search] site=model.encoder.layers.17.self_attn generation=5/8 best_nmse=0.015537 stagnant=0
[rotation-search] site=model.encoder.layers.17.self_attn generation=6/8 best_nmse=0.015535 stagnant=0
[rotation-search] site=model.encoder.layers.17.self_attn generation=7/8 best_nmse=0.015532 stagnant=0
[rotation-search] site=model.encoder.layers.17.self_attn generation=8/8 best_nmse=0.015528 stagnant=0
[rotation-search] site=model.encoder.layers.17.self_attn committed_nmse=0.015528
[rotation-search] site=model.encoder.layers.18.self_attn start population=6
[rotation-search] site=model.encoder.layers.18.self_attn generation=1/8 best_nmse=0.023016 stagnant=0
[rotation-search] site=model.encoder.layers.18.self_attn generation=2/8 best_nmse=0.023016 stagnant=1
[rotation-search] site=model.encoder.layers.18.self_attn generation=3/8 best_nmse=0.023016 stagnant=2
[rotation-search] site=model.encoder.layers.18.self_attn generation=4/8 best_nmse=0.022809 stagnant=0
[rotation-search] site=model.encoder.layers.18.self_attn generation=5/8 best_nmse=0.022809 stagnant=1
[rotation-search] site=model.encoder.layers.18.self_attn generation=6/8 best_nmse=0.022764 stagnant=0
[rotation-search] site=model.encoder.layers.18.self_attn generation=7/8 best_nmse=0.022450 stagnant=0
[rotation-search] site=model.encoder.layers.18.self_attn generation=8/8 best_nmse=0.022450 stagnant=1
[rotation-search] site=model.encoder.layers.18.self_attn committed_nmse=0.022450
[rotation-search] site=model.encoder.layers.19.self_attn start population=6
[rotation-search] site=model.encoder.layers.19.self_attn generation=1/8 best_nmse=0.084233 stagnant=0
[rotation-search] site=model.encoder.layers.19.self_attn generation=2/8 best_nmse=0.084233 stagnant=1
[rotation-search] site=model.encoder.layers.19.self_attn generation=3/8 best_nmse=0.084016 stagnant=0
[rotation-search] site=model.encoder.layers.19.self_attn generation=4/8 best_nmse=0.084016 stagnant=1
[rotation-search] site=model.encoder.layers.19.self_attn generation=5/8 best_nmse=0.083975 stagnant=0
[rotation-search] site=model.encoder.layers.19.self_attn generation=6/8 best_nmse=0.083905 stagnant=0
[rotation-search] site=model.encoder.layers.19.self_attn generation=7/8 best_nmse=0.083905 stagnant=1
[rotation-search] site=model.encoder.layers.19.self_attn generation=8/8 best_nmse=0.083905 stagnant=2
[rotation-search] site=model.encoder.layers.19.self_attn committed_nmse=0.083905
[rotation-search] site=model.encoder.layers.20.self_attn start population=6
[rotation-search] site=model.encoder.layers.20.self_attn generation=1/8 best_nmse=0.003644 stagnant=0
[rotation-search] site=model.encoder.layers.20.self_attn generation=2/8 best_nmse=0.003644 stagnant=1
[rotation-search] site=model.encoder.layers.20.self_attn generation=3/8 best_nmse=0.003642 stagnant=0
[rotation-search] site=model.encoder.layers.20.self_attn generation=4/8 best_nmse=0.003640 stagnant=0
[rotation-search] site=model.encoder.layers.20.self_attn generation=5/8 best_nmse=0.003640 stagnant=1
[rotation-search] site=model.encoder.layers.20.self_attn generation=6/8 best_nmse=0.003637 stagnant=0
[rotation-search] site=model.encoder.layers.20.self_attn generation=7/8 best_nmse=0.003637 stagnant=1
[rotation-search] site=model.encoder.layers.20.self_attn generation=8/8 best_nmse=0.003637 stagnant=2
[rotation-search] site=model.encoder.layers.20.self_attn committed_nmse=0.003637
[rotation-search] site=model.encoder.layers.21.self_attn start population=6
[rotation-search] site=model.encoder.layers.21.self_attn generation=1/8 best_nmse=0.000016 stagnant=0
[rotation-search] site=model.encoder.layers.21.self_attn generation=2/8 best_nmse=0.000016 stagnant=0
[rotation-search] site=model.encoder.layers.21.self_attn generation=3/8 best_nmse=0.000016 stagnant=0
[rotation-search] site=model.encoder.layers.21.self_attn generation=4/8 best_nmse=0.000016 stagnant=0
[rotation-search] site=model.encoder.layers.21.self_attn generation=5/8 best_nmse=0.000015 stagnant=0
[rotation-search] site=model.encoder.layers.21.self_attn generation=6/8 best_nmse=0.000015 stagnant=0
[rotation-search] site=model.encoder.layers.21.self_attn generation=7/8 best_nmse=0.000015 stagnant=1
[rotation-search] site=model.encoder.layers.21.self_attn generation=8/8 best_nmse=0.000015 stagnant=2
[rotation-search] site=model.encoder.layers.21.self_attn committed_nmse=0.000015
[rotation-search] site=model.encoder.layers.22.self_attn start population=6
[rotation-search] site=model.encoder.layers.22.self_attn generation=1/8 best_nmse=0.000232 stagnant=0
[rotation-search] site=model.encoder.layers.22.self_attn generation=2/8 best_nmse=0.000232 stagnant=1
[rotation-search] site=model.encoder.layers.22.self_attn generation=3/8 best_nmse=0.000232 stagnant=0
[rotation-search] site=model.encoder.layers.22.self_attn generation=4/8 best_nmse=0.000232 stagnant=0
[rotation-search] site=model.encoder.layers.22.self_attn generation=5/8 best_nmse=0.000232 stagnant=1
[rotation-search] site=model.encoder.layers.22.self_attn generation=6/8 best_nmse=0.000232 stagnant=0
[rotation-search] site=model.encoder.layers.22.self_attn generation=7/8 best_nmse=0.000232 stagnant=1
[rotation-search] site=model.encoder.layers.22.self_attn generation=8/8 best_nmse=0.000232 stagnant=2
[rotation-search] site=model.encoder.layers.22.self_attn committed_nmse=0.000232
[rotation-search] site=model.encoder.layers.23.self_attn start population=6
[rotation-search] site=model.encoder.layers.23.self_attn generation=1/8 best_nmse=0.000015 stagnant=0
[rotation-search] site=model.encoder.layers.23.self_attn generation=2/8 best_nmse=0.000015 stagnant=1
[rotation-search] site=model.encoder.layers.23.self_attn generation=3/8 best_nmse=0.000014 stagnant=0
[rotation-search] site=model.encoder.layers.23.self_attn generation=4/8 best_nmse=0.000014 stagnant=0
[rotation-search] site=model.encoder.layers.23.self_attn generation=5/8 best_nmse=0.000014 stagnant=1
[rotation-search] site=model.encoder.layers.23.self_attn generation=6/8 best_nmse=0.000014 stagnant=2
[rotation-search] site=model.encoder.layers.23.self_attn generation=7/8 best_nmse=0.000014 stagnant=0
[rotation-search] site=model.encoder.layers.23.self_attn generation=8/8 best_nmse=0.000014 stagnant=1
[rotation-search] site=model.encoder.layers.23.self_attn committed_nmse=0.000014
[rotation-search] site=model.encoder.layers.24.self_attn start population=6
[rotation-search] site=model.encoder.layers.24.self_attn generation=1/8 best_nmse=0.000065 stagnant=0
[rotation-search] site=model.encoder.layers.24.self_attn generation=2/8 best_nmse=0.000065 stagnant=0
[rotation-search] site=model.encoder.layers.24.self_attn generation=3/8 best_nmse=0.000065 stagnant=1
[rotation-search] site=model.encoder.layers.24.self_attn generation=4/8 best_nmse=0.000065 stagnant=2
[rotation-search] site=model.encoder.layers.24.self_attn generation=5/8 best_nmse=0.000065 stagnant=0
[rotation-search] site=model.encoder.layers.24.self_attn generation=6/8 best_nmse=0.000064 stagnant=0
[rotation-search] site=model.encoder.layers.24.self_attn generation=7/8 best_nmse=0.000064 stagnant=0
[rotation-search] site=model.encoder.layers.24.self_attn generation=8/8 best_nmse=0.000064 stagnant=1
[rotation-search] site=model.encoder.layers.24.self_attn committed_nmse=0.000064
[rotation-search] site=model.encoder.layers.25.self_attn start population=6
[rotation-search] site=model.encoder.layers.25.self_attn generation=1/8 best_nmse=0.000018 stagnant=0
[rotation-search] site=model.encoder.layers.25.self_attn generation=2/8 best_nmse=0.000018 stagnant=1
[rotation-search] site=model.encoder.layers.25.self_attn generation=3/8 best_nmse=0.000018 stagnant=0
[rotation-search] site=model.encoder.layers.25.self_attn generation=4/8 best_nmse=0.000018 stagnant=1
[rotation-search] site=model.encoder.layers.25.self_attn generation=5/8 best_nmse=0.000018 stagnant=0
[rotation-search] site=model.encoder.layers.25.self_attn generation=6/8 best_nmse=0.000018 stagnant=1
[rotation-search] site=model.encoder.layers.25.self_attn generation=7/8 best_nmse=0.000018 stagnant=2
[rotation-search] site=model.encoder.layers.25.self_attn generation=8/8 best_nmse=0.000018 stagnant=3
[rotation-search] site=model.encoder.layers.25.self_attn committed_nmse=0.000018
[rotation-search] site=model.encoder.layers.26.self_attn start population=6
[rotation-search] site=model.encoder.layers.26.self_attn generation=1/8 best_nmse=0.000187 stagnant=0
[rotation-search] site=model.encoder.layers.26.self_attn generation=2/8 best_nmse=0.000186 stagnant=0
[rotation-search] site=model.encoder.layers.26.self_attn generation=3/8 best_nmse=0.000186 stagnant=1
[rotation-search] site=model.encoder.layers.26.self_attn generation=4/8 best_nmse=0.000185 stagnant=0
[rotation-search] site=model.encoder.layers.26.self_attn generation=5/8 best_nmse=0.000185 stagnant=1
[rotation-search] site=model.encoder.layers.26.self_attn generation=6/8 best_nmse=0.000185 stagnant=0
[rotation-search] site=model.encoder.layers.26.self_attn generation=7/8 best_nmse=0.000185 stagnant=0
[rotation-search] site=model.encoder.layers.26.self_attn generation=8/8 best_nmse=0.000185 stagnant=1
[rotation-search] site=model.encoder.layers.26.self_attn committed_nmse=0.000185
[rotation-search] site=model.encoder.layers.27.self_attn start population=6
[rotation-search] site=model.encoder.layers.27.self_attn generation=1/8 best_nmse=0.001406 stagnant=0
[rotation-search] site=model.encoder.layers.27.self_attn generation=2/8 best_nmse=0.001403 stagnant=0
[rotation-search] site=model.encoder.layers.27.self_attn generation=3/8 best_nmse=0.001403 stagnant=0
[rotation-search] site=model.encoder.layers.27.self_attn generation=4/8 best_nmse=0.001403 stagnant=1
[rotation-search] site=model.encoder.layers.27.self_attn generation=5/8 best_nmse=0.001398 stagnant=0
[rotation-search] site=model.encoder.layers.27.self_attn generation=6/8 best_nmse=0.001398 stagnant=1
[rotation-search] site=model.encoder.layers.27.self_attn generation=7/8 best_nmse=0.001398 stagnant=2
[rotation-search] site=model.encoder.layers.27.self_attn generation=8/8 best_nmse=0.001397 stagnant=0
[rotation-search] site=model.encoder.layers.27.self_attn committed_nmse=0.001397
[rotation-search] site=model.encoder.layers.28.self_attn start population=6
[rotation-search] site=model.encoder.layers.28.self_attn generation=1/8 best_nmse=0.000345 stagnant=0
[rotation-search] site=model.encoder.layers.28.self_attn generation=2/8 best_nmse=0.000345 stagnant=1
[rotation-search] site=model.encoder.layers.28.self_attn generation=3/8 best_nmse=0.000345 stagnant=0
[rotation-search] site=model.encoder.layers.28.self_attn generation=4/8 best_nmse=0.000345 stagnant=1
[rotation-search] site=model.encoder.layers.28.self_attn generation=5/8 best_nmse=0.000345 stagnant=2
[rotation-search] site=model.encoder.layers.28.self_attn generation=6/8 best_nmse=0.000345 stagnant=3
[rotation-search] site=model.encoder.layers.28.self_attn generation=7/8 best_nmse=0.000345 stagnant=4
[rotation-search] site=model.encoder.layers.28.self_attn early-stop patience=4
[rotation-search] site=model.encoder.layers.28.self_attn committed_nmse=0.000345
[rotation-search] site=model.encoder.layers.29.self_attn start population=6
[rotation-search] site=model.encoder.layers.29.self_attn generation=1/8 best_nmse=0.000346 stagnant=0
[rotation-search] site=model.encoder.layers.29.self_attn generation=2/8 best_nmse=0.000343 stagnant=0
[rotation-search] site=model.encoder.layers.29.self_attn generation=3/8 best_nmse=0.000343 stagnant=1
[rotation-search] site=model.encoder.layers.29.self_attn generation=4/8 best_nmse=0.000343 stagnant=0
[rotation-search] site=model.encoder.layers.29.self_attn generation=5/8 best_nmse=0.000343 stagnant=1
[rotation-search] site=model.encoder.layers.29.self_attn generation=6/8 best_nmse=0.000342 stagnant=0
[rotation-search] site=model.encoder.layers.29.self_attn generation=7/8 best_nmse=0.000341 stagnant=0
[rotation-search] site=model.encoder.layers.29.self_attn generation=8/8 best_nmse=0.000341 stagnant=1
[rotation-search] site=model.encoder.layers.29.self_attn committed_nmse=0.000341
[rotation-search] site=model.encoder.layers.30.self_attn start population=6
[rotation-search] site=model.encoder.layers.30.self_attn generation=1/8 best_nmse=0.000160 stagnant=0
[rotation-search] site=model.encoder.layers.30.self_attn generation=2/8 best_nmse=0.000160 stagnant=0
[rotation-search] site=model.encoder.layers.30.self_attn generation=3/8 best_nmse=0.000160 stagnant=0
[rotation-search] site=model.encoder.layers.30.self_attn generation=4/8 best_nmse=0.000159 stagnant=0
[rotation-search] site=model.encoder.layers.30.self_attn generation=5/8 best_nmse=0.000159 stagnant=1
[rotation-search] site=model.encoder.layers.30.self_attn generation=6/8 best_nmse=0.000159 stagnant=2
[rotation-search] site=model.encoder.layers.30.self_attn generation=7/8 best_nmse=0.000159 stagnant=3
[rotation-search] site=model.encoder.layers.30.self_attn generation=8/8 best_nmse=0.000159 stagnant=0
[rotation-search] site=model.encoder.layers.30.self_attn committed_nmse=0.000159
[rotation-search] site=model.encoder.layers.31.self_attn start population=6
[rotation-search] site=model.encoder.layers.31.self_attn generation=1/8 best_nmse=0.000241 stagnant=0
[rotation-search] site=model.encoder.layers.31.self_attn generation=2/8 best_nmse=0.000241 stagnant=0
[rotation-search] site=model.encoder.layers.31.self_attn generation=3/8 best_nmse=0.000239 stagnant=0
[rotation-search] site=model.encoder.layers.31.self_attn generation=4/8 best_nmse=0.000239 stagnant=1
[rotation-search] site=model.encoder.layers.31.self_attn generation=5/8 best_nmse=0.000239 stagnant=0
[rotation-search] site=model.encoder.layers.31.self_attn generation=6/8 best_nmse=0.000238 stagnant=0
[rotation-search] site=model.encoder.layers.31.self_attn generation=7/8 best_nmse=0.000238 stagnant=1
[rotation-search] site=model.encoder.layers.31.self_attn generation=8/8 best_nmse=0.000238 stagnant=0
[rotation-search] site=model.encoder.layers.31.self_attn committed_nmse=0.000238
[rotation-search] site=model.decoder.layers.0.self_attn start population=6
[rotation-search] site=model.decoder.layers.0.self_attn generation=1/8 best_nmse=0.040598 stagnant=0
[rotation-search] site=model.decoder.layers.0.self_attn generation=2/8 best_nmse=0.040598 stagnant=1
[rotation-search] site=model.decoder.layers.0.self_attn generation=3/8 best_nmse=0.040598 stagnant=2
[rotation-search] site=model.decoder.layers.0.self_attn generation=4/8 best_nmse=0.040598 stagnant=3
[rotation-search] site=model.decoder.layers.0.self_attn generation=5/8 best_nmse=0.040598 stagnant=4
[rotation-search] site=model.decoder.layers.0.self_attn early-stop patience=4
[rotation-search] site=model.decoder.layers.0.self_attn committed_nmse=0.040598
[rotation-search] site=model.decoder.layers.0.encoder_attn start population=6
[rotation-search] site=model.decoder.layers.0.encoder_attn generation=1/8 best_nmse=0.040598 stagnant=0
[rotation-search] site=model.decoder.layers.0.encoder_attn generation=2/8 best_nmse=0.040430 stagnant=0
[rotation-search] site=model.decoder.layers.0.encoder_attn generation=3/8 best_nmse=0.040430 stagnant=1
[rotation-search] site=model.decoder.layers.0.encoder_attn generation=4/8 best_nmse=0.040430 stagnant=2
[rotation-search] site=model.decoder.layers.0.encoder_attn generation=5/8 best_nmse=0.040430 stagnant=3
[rotation-search] site=model.decoder.layers.0.encoder_attn generation=6/8 best_nmse=0.040430 stagnant=4
[rotation-search] site=model.decoder.layers.0.encoder_attn early-stop patience=4
[rotation-search] site=model.decoder.layers.0.encoder_attn committed_nmse=0.040430
[rotation-search] site=model.decoder.layers.1.self_attn start population=6
[rotation-search] site=model.decoder.layers.1.self_attn generation=1/8 best_nmse=0.010564 stagnant=0
[rotation-search] site=model.decoder.layers.1.self_attn generation=2/8 best_nmse=0.010546 stagnant=0
[rotation-search] site=model.decoder.layers.1.self_attn generation=3/8 best_nmse=0.010508 stagnant=0
[rotation-search] site=model.decoder.layers.1.self_attn generation=4/8 best_nmse=0.010508 stagnant=1
[rotation-search] site=model.decoder.layers.1.self_attn generation=5/8 best_nmse=0.010508 stagnant=2
[rotation-search] site=model.decoder.layers.1.self_attn generation=6/8 best_nmse=0.010508 stagnant=3
[rotation-search] site=model.decoder.layers.1.self_attn generation=7/8 best_nmse=0.010508 stagnant=4
[rotation-search] site=model.decoder.layers.1.self_attn early-stop patience=4
[rotation-search] site=model.decoder.layers.1.self_attn committed_nmse=0.010508
[rotation-search] site=model.decoder.layers.1.encoder_attn start population=6
[rotation-search] site=model.decoder.layers.1.encoder_attn generation=1/8 best_nmse=0.010426 stagnant=0
[rotation-search] site=model.decoder.layers.1.encoder_attn generation=2/8 best_nmse=0.010401 stagnant=0
[rotation-search] site=model.decoder.layers.1.encoder_attn generation=3/8 best_nmse=0.010401 stagnant=1
[rotation-search] site=model.decoder.layers.1.encoder_attn generation=4/8 best_nmse=0.010380 stagnant=0
[rotation-search] site=model.decoder.layers.1.encoder_attn generation=5/8 best_nmse=0.010220 stagnant=0
[rotation-search] site=model.decoder.layers.1.encoder_attn generation=6/8 best_nmse=0.010157 stagnant=0
[rotation-search] site=model.decoder.layers.1.encoder_attn generation=7/8 best_nmse=0.010157 stagnant=1
[rotation-search] site=model.decoder.layers.1.encoder_attn generation=8/8 best_nmse=0.009934 stagnant=0
[rotation-search] site=model.decoder.layers.1.encoder_attn committed_nmse=0.009934
[rotation-search] site=model.decoder.layers.2.self_attn start population=6
[rotation-search] site=model.decoder.layers.2.self_attn generation=1/8 best_nmse=0.006573 stagnant=0
[rotation-search] site=model.decoder.layers.2.self_attn generation=2/8 best_nmse=0.006566 stagnant=0
[rotation-search] site=model.decoder.layers.2.self_attn generation=3/8 best_nmse=0.006566 stagnant=1
[rotation-search] site=model.decoder.layers.2.self_attn generation=4/8 best_nmse=0.006542 stagnant=0
[rotation-search] site=model.decoder.layers.2.self_attn generation=5/8 best_nmse=0.006542 stagnant=1
[rotation-search] site=model.decoder.layers.2.self_attn generation=6/8 best_nmse=0.006541 stagnant=0
[rotation-search] site=model.decoder.layers.2.self_attn generation=7/8 best_nmse=0.006541 stagnant=1
[rotation-search] site=model.decoder.layers.2.self_attn generation=8/8 best_nmse=0.006541 stagnant=2
[rotation-search] site=model.decoder.layers.2.self_attn committed_nmse=0.006541
[rotation-search] site=model.decoder.layers.2.encoder_attn start population=6
[rotation-search] site=model.decoder.layers.2.encoder_attn generation=1/8 best_nmse=0.006387 stagnant=0
[rotation-search] site=model.decoder.layers.2.encoder_attn generation=2/8 best_nmse=0.006387 stagnant=1
[rotation-search] site=model.decoder.layers.2.encoder_attn generation=3/8 best_nmse=0.006353 stagnant=0
[rotation-search] site=model.decoder.layers.2.encoder_attn generation=4/8 best_nmse=0.006353 stagnant=1
[rotation-search] site=model.decoder.layers.2.encoder_attn generation=5/8 best_nmse=0.006353 stagnant=2
[rotation-search] site=model.decoder.layers.2.encoder_attn generation=6/8 best_nmse=0.006353 stagnant=3
[rotation-search] site=model.decoder.layers.2.encoder_attn generation=7/8 best_nmse=0.006349 stagnant=0
[rotation-search] site=model.decoder.layers.2.encoder_attn generation=8/8 best_nmse=0.006347 stagnant=0
[rotation-search] site=model.decoder.layers.2.encoder_attn committed_nmse=0.006347
[rotation-search] site=model.decoder.layers.3.self_attn start population=6
[rotation-search] site=model.decoder.layers.3.self_attn generation=1/8 best_nmse=0.006587 stagnant=0
[rotation-search] site=model.decoder.layers.3.self_attn generation=2/8 best_nmse=0.006577 stagnant=0
[rotation-search] site=model.decoder.layers.3.self_attn generation=3/8 best_nmse=0.006570 stagnant=0
[rotation-search] site=model.decoder.layers.3.self_attn generation=4/8 best_nmse=0.006561 stagnant=0
[rotation-search] site=model.decoder.layers.3.self_attn generation=5/8 best_nmse=0.006556 stagnant=0
[rotation-search] site=model.decoder.layers.3.self_attn generation=6/8 best_nmse=0.006552 stagnant=0
[rotation-search] site=model.decoder.layers.3.self_attn generation=7/8 best_nmse=0.006552 stagnant=1
[rotation-search] site=model.decoder.layers.3.self_attn generation=8/8 best_nmse=0.006552 stagnant=2
[rotation-search] site=model.decoder.layers.3.self_attn committed_nmse=0.006552
[rotation-search] site=model.decoder.layers.3.encoder_attn start population=6
[rotation-search] site=model.decoder.layers.3.encoder_attn generation=1/8 best_nmse=0.005705 stagnant=0
[rotation-search] site=model.decoder.layers.3.encoder_attn generation=2/8 best_nmse=0.005660 stagnant=0
[rotation-search] site=model.decoder.layers.3.encoder_attn generation=3/8 best_nmse=0.005660 stagnant=1
[rotation-search] site=model.decoder.layers.3.encoder_attn generation=4/8 best_nmse=0.005660 stagnant=2
[rotation-search] site=model.decoder.layers.3.encoder_attn generation=5/8 best_nmse=0.005611 stagnant=0
[rotation-search] site=model.decoder.layers.3.encoder_attn generation=6/8 best_nmse=0.005549 stagnant=0
[rotation-search] site=model.decoder.layers.3.encoder_attn generation=7/8 best_nmse=0.005549 stagnant=1
[rotation-search] site=model.decoder.layers.3.encoder_attn generation=8/8 best_nmse=0.005535 stagnant=0
[rotation-search] site=model.decoder.layers.3.encoder_attn committed_nmse=0.005535
[rotation-search] site=model.decoder.layers.4.self_attn start population=6
[rotation-search] site=model.decoder.layers.4.self_attn generation=1/8 best_nmse=0.001130 stagnant=0
[rotation-search] site=model.decoder.layers.4.self_attn generation=2/8 best_nmse=0.001130 stagnant=1
[rotation-search] site=model.decoder.layers.4.self_attn generation=3/8 best_nmse=0.001129 stagnant=0
[rotation-search] site=model.decoder.layers.4.self_attn generation=4/8 best_nmse=0.001129 stagnant=1
[rotation-search] site=model.decoder.layers.4.self_attn generation=5/8 best_nmse=0.001126 stagnant=0
[rotation-search] site=model.decoder.layers.4.self_attn generation=6/8 best_nmse=0.001126 stagnant=1
[rotation-search] site=model.decoder.layers.4.self_attn generation=7/8 best_nmse=0.001125 stagnant=0
[rotation-search] site=model.decoder.layers.4.self_attn generation=8/8 best_nmse=0.001124 stagnant=0
[rotation-search] site=model.decoder.layers.4.self_attn committed_nmse=0.001124
[rotation-search] site=model.decoder.layers.4.encoder_attn start population=6
[rotation-search] site=model.decoder.layers.4.encoder_attn generation=1/8 best_nmse=0.001110 stagnant=0
[rotation-search] site=model.decoder.layers.4.encoder_attn generation=2/8 best_nmse=0.001105 stagnant=0
[rotation-search] site=model.decoder.layers.4.encoder_attn generation=3/8 best_nmse=0.001101 stagnant=0
[rotation-search] site=model.decoder.layers.4.encoder_attn generation=4/8 best_nmse=0.001099 stagnant=0
[rotation-search] site=model.decoder.layers.4.encoder_attn generation=5/8 best_nmse=0.001087 stagnant=0
[rotation-search] site=model.decoder.layers.4.encoder_attn generation=6/8 best_nmse=0.001058 stagnant=0
[rotation-search] site=model.decoder.layers.4.encoder_attn generation=7/8 best_nmse=0.001058 stagnant=1
[rotation-search] site=model.decoder.layers.4.encoder_attn generation=8/8 best_nmse=0.001058 stagnant=2
[rotation-search] site=model.decoder.layers.4.encoder_attn committed_nmse=0.001058
[rotation-search] site=model.decoder.layers.5.self_attn start population=6
[rotation-search] site=model.decoder.layers.5.self_attn generation=1/8 best_nmse=0.000444 stagnant=0
[rotation-search] site=model.decoder.layers.5.self_attn generation=2/8 best_nmse=0.000444 stagnant=1
[rotation-search] site=model.decoder.layers.5.self_attn generation=3/8 best_nmse=0.000444 stagnant=0
[rotation-search] site=model.decoder.layers.5.self_attn generation=4/8 best_nmse=0.000444 stagnant=1
[rotation-search] site=model.decoder.layers.5.self_attn generation=5/8 best_nmse=0.000444 stagnant=2
[rotation-search] site=model.decoder.layers.5.self_attn generation=6/8 best_nmse=0.000444 stagnant=3
[rotation-search] site=model.decoder.layers.5.self_attn generation=7/8 best_nmse=0.000444 stagnant=4
[rotation-search] site=model.decoder.layers.5.self_attn early-stop patience=4
[rotation-search] site=model.decoder.layers.5.self_attn committed_nmse=0.000444
[rotation-search] site=model.decoder.layers.5.encoder_attn start population=6
[rotation-search] site=model.decoder.layers.5.encoder_attn generation=1/8 best_nmse=0.000444 stagnant=0
[rotation-search] site=model.decoder.layers.5.encoder_attn generation=2/8 best_nmse=0.000444 stagnant=1
[rotation-search] site=model.decoder.layers.5.encoder_attn generation=3/8 best_nmse=0.000444 stagnant=2
[rotation-search] site=model.decoder.layers.5.encoder_attn generation=4/8 best_nmse=0.000443 stagnant=0
[rotation-search] site=model.decoder.layers.5.encoder_attn generation=5/8 best_nmse=0.000443 stagnant=1
[rotation-search] site=model.decoder.layers.5.encoder_attn generation=6/8 best_nmse=0.000433 stagnant=0
[rotation-search] site=model.decoder.layers.5.encoder_attn generation=7/8 best_nmse=0.000432 stagnant=0
[rotation-search] site=model.decoder.layers.5.encoder_attn generation=8/8 best_nmse=0.000432 stagnant=0
[rotation-search] site=model.decoder.layers.5.encoder_attn committed_nmse=0.000432
[rotation-search] site=model.decoder.layers.6.self_attn start population=6
[rotation-search] site=model.decoder.layers.6.self_attn generation=1/8 best_nmse=0.000536 stagnant=0
[rotation-search] site=model.decoder.layers.6.self_attn generation=2/8 best_nmse=0.000534 stagnant=0
[rotation-search] site=model.decoder.layers.6.self_attn generation=3/8 best_nmse=0.000531 stagnant=0
[rotation-search] site=model.decoder.layers.6.self_attn generation=4/8 best_nmse=0.000531 stagnant=1
[rotation-search] site=model.decoder.layers.6.self_attn generation=5/8 best_nmse=0.000531 stagnant=2
[rotation-search] site=model.decoder.layers.6.self_attn generation=6/8 best_nmse=0.000531 stagnant=3
[rotation-search] site=model.decoder.layers.6.self_attn generation=7/8 best_nmse=0.000529 stagnant=0
[rotation-search] site=model.decoder.layers.6.self_attn generation=8/8 best_nmse=0.000529 stagnant=1
[rotation-search] site=model.decoder.layers.6.self_attn committed_nmse=0.000529
[rotation-search] site=model.decoder.layers.6.encoder_attn start population=6
[rotation-search] site=model.decoder.layers.6.encoder_attn generation=1/8 best_nmse=0.000529 stagnant=0
[rotation-search] site=model.decoder.layers.6.encoder_attn generation=2/8 best_nmse=0.000523 stagnant=0
[rotation-search] site=model.decoder.layers.6.encoder_attn generation=3/8 best_nmse=0.000523 stagnant=0
[rotation-search] site=model.decoder.layers.6.encoder_attn generation=4/8 best_nmse=0.000522 stagnant=0
[rotation-search] site=model.decoder.layers.6.encoder_attn generation=5/8 best_nmse=0.000521 stagnant=0
[rotation-search] site=model.decoder.layers.6.encoder_attn generation=6/8 best_nmse=0.000517 stagnant=0
[rotation-search] site=model.decoder.layers.6.encoder_attn generation=7/8 best_nmse=0.000517 stagnant=1
[rotation-search] site=model.decoder.layers.6.encoder_attn generation=8/8 best_nmse=0.000517 stagnant=2
[rotation-search] site=model.decoder.layers.6.encoder_attn committed_nmse=0.000517
[rotation-search] site=model.decoder.layers.7.self_attn start population=6
[rotation-search] site=model.decoder.layers.7.self_attn generation=1/8 best_nmse=0.000729 stagnant=0
[rotation-search] site=model.decoder.layers.7.self_attn generation=2/8 best_nmse=0.000729 stagnant=1
[rotation-search] site=model.decoder.layers.7.self_attn generation=3/8 best_nmse=0.000728 stagnant=0
[rotation-search] site=model.decoder.layers.7.self_attn generation=4/8 best_nmse=0.000728 stagnant=1
[rotation-search] site=model.decoder.layers.7.self_attn generation=5/8 best_nmse=0.000728 stagnant=2
[rotation-search] site=model.decoder.layers.7.self_attn generation=6/8 best_nmse=0.000728 stagnant=3
[rotation-search] site=model.decoder.layers.7.self_attn generation=7/8 best_nmse=0.000728 stagnant=4
[rotation-search] site=model.decoder.layers.7.self_attn early-stop patience=4
[rotation-search] site=model.decoder.layers.7.self_attn committed_nmse=0.000728
[rotation-search] site=model.decoder.layers.7.encoder_attn start population=6
[rotation-search] site=model.decoder.layers.7.encoder_attn generation=1/8 best_nmse=0.000700 stagnant=0
[rotation-search] site=model.decoder.layers.7.encoder_attn generation=2/8 best_nmse=0.000687 stagnant=0
[rotation-search] site=model.decoder.layers.7.encoder_attn generation=3/8 best_nmse=0.000682 stagnant=0
[rotation-search] site=model.decoder.layers.7.encoder_attn generation=4/8 best_nmse=0.000680 stagnant=0
[rotation-search] site=model.decoder.layers.7.encoder_attn generation=5/8 best_nmse=0.000651 stagnant=0
[rotation-search] site=model.decoder.layers.7.encoder_attn generation=6/8 best_nmse=0.000651 stagnant=0
[rotation-search] site=model.decoder.layers.7.encoder_attn generation=7/8 best_nmse=0.000651 stagnant=1
[rotation-search] site=model.decoder.layers.7.encoder_attn generation=8/8 best_nmse=0.000622 stagnant=0
[rotation-search] site=model.decoder.layers.7.encoder_attn committed_nmse=0.000622
[rotation-search] site=model.decoder.layers.8.self_attn start population=6
[rotation-search] site=model.decoder.layers.8.self_attn generation=1/8 best_nmse=0.000367 stagnant=0
[rotation-search] site=model.decoder.layers.8.self_attn generation=2/8 best_nmse=0.000367 stagnant=1
[rotation-search] site=model.decoder.layers.8.self_attn generation=3/8 best_nmse=0.000367 stagnant=2
[rotation-search] site=model.decoder.layers.8.self_attn generation=4/8 best_nmse=0.000366 stagnant=0
[rotation-search] site=model.decoder.layers.8.self_attn generation=5/8 best_nmse=0.000365 stagnant=0
[rotation-search] site=model.decoder.layers.8.self_attn generation=6/8 best_nmse=0.000365 stagnant=1
[rotation-search] site=model.decoder.layers.8.self_attn generation=7/8 best_nmse=0.000365 stagnant=2
[rotation-search] site=model.decoder.layers.8.self_attn generation=8/8 best_nmse=0.000363 stagnant=0
[rotation-search] site=model.decoder.layers.8.self_attn committed_nmse=0.000363
[rotation-search] site=model.decoder.layers.8.encoder_attn start population=6
[rotation-search] site=model.decoder.layers.8.encoder_attn generation=1/8 best_nmse=0.000357 stagnant=0
[rotation-search] site=model.decoder.layers.8.encoder_attn generation=2/8 best_nmse=0.000357 stagnant=1
[rotation-search] site=model.decoder.layers.8.encoder_attn generation=3/8 best_nmse=0.000357 stagnant=2
[rotation-search] site=model.decoder.layers.8.encoder_attn generation=4/8 best_nmse=0.000357 stagnant=3
[rotation-search] site=model.decoder.layers.8.encoder_attn generation=5/8 best_nmse=0.000354 stagnant=0
[rotation-search] site=model.decoder.layers.8.encoder_attn generation=6/8 best_nmse=0.000353 stagnant=0
[rotation-search] site=model.decoder.layers.8.encoder_attn generation=7/8 best_nmse=0.000353 stagnant=1
[rotation-search] site=model.decoder.layers.8.encoder_attn generation=8/8 best_nmse=0.000352 stagnant=0
[rotation-search] site=model.decoder.layers.8.encoder_attn committed_nmse=0.000352
[rotation-search] site=model.decoder.layers.9.self_attn start population=6
[rotation-search] site=model.decoder.layers.9.self_attn generation=1/8 best_nmse=0.000651 stagnant=0
[rotation-search] site=model.decoder.layers.9.self_attn generation=2/8 best_nmse=0.000650 stagnant=0
[rotation-search] site=model.decoder.layers.9.self_attn generation=3/8 best_nmse=0.000650 stagnant=1
[rotation-search] site=model.decoder.layers.9.self_attn generation=4/8 best_nmse=0.000650 stagnant=2
[rotation-search] site=model.decoder.layers.9.self_attn generation=5/8 best_nmse=0.000647 stagnant=0
[rotation-search] site=model.decoder.layers.9.self_attn generation=6/8 best_nmse=0.000647 stagnant=1
[rotation-search] site=model.decoder.layers.9.self_attn generation=7/8 best_nmse=0.000647 stagnant=2
[rotation-search] site=model.decoder.layers.9.self_attn generation=8/8 best_nmse=0.000646 stagnant=0
[rotation-search] site=model.decoder.layers.9.self_attn committed_nmse=0.000646
[rotation-search] site=model.decoder.layers.9.encoder_attn start population=6
[rotation-search] site=model.decoder.layers.9.encoder_attn generation=1/8 best_nmse=0.000511 stagnant=0
[rotation-search] site=model.decoder.layers.9.encoder_attn generation=2/8 best_nmse=0.000510 stagnant=0
[rotation-search] site=model.decoder.layers.9.encoder_attn generation=3/8 best_nmse=0.000510 stagnant=0
[rotation-search] site=model.decoder.layers.9.encoder_attn generation=4/8 best_nmse=0.000510 stagnant=1
[rotation-search] site=model.decoder.layers.9.encoder_attn generation=5/8 best_nmse=0.000508 stagnant=0
[rotation-search] site=model.decoder.layers.9.encoder_attn generation=6/8 best_nmse=0.000508 stagnant=1
[rotation-search] site=model.decoder.layers.9.encoder_attn generation=7/8 best_nmse=0.000508 stagnant=2
[rotation-search] site=model.decoder.layers.9.encoder_attn generation=8/8 best_nmse=0.000508 stagnant=3
[rotation-search] site=model.decoder.layers.9.encoder_attn committed_nmse=0.000508
[rotation-search] site=model.decoder.layers.10.self_attn start population=6
[rotation-search] site=model.decoder.layers.10.self_attn generation=1/8 best_nmse=0.000563 stagnant=0
[rotation-search] site=model.decoder.layers.10.self_attn generation=2/8 best_nmse=0.000559 stagnant=0
[rotation-search] site=model.decoder.layers.10.self_attn generation=3/8 best_nmse=0.000559 stagnant=1
[rotation-search] site=model.decoder.layers.10.self_attn generation=4/8 best_nmse=0.000555 stagnant=0
[rotation-search] site=model.decoder.layers.10.self_attn generation=5/8 best_nmse=0.000555 stagnant=1
[rotation-search] site=model.decoder.layers.10.self_attn generation=6/8 best_nmse=0.000553 stagnant=0
[rotation-search] site=model.decoder.layers.10.self_attn generation=7/8 best_nmse=0.000548 stagnant=0
[rotation-search] site=model.decoder.layers.10.self_attn generation=8/8 best_nmse=0.000547 stagnant=0
[rotation-search] site=model.decoder.layers.10.self_attn committed_nmse=0.000547
[rotation-search] site=model.decoder.layers.10.encoder_attn start population=6
[rotation-search] site=model.decoder.layers.10.encoder_attn generation=1/8 best_nmse=0.000528 stagnant=0
[rotation-search] site=model.decoder.layers.10.encoder_attn generation=2/8 best_nmse=0.000526 stagnant=0
[rotation-search] site=model.decoder.layers.10.encoder_attn generation=3/8 best_nmse=0.000526 stagnant=1
[rotation-search] site=model.decoder.layers.10.encoder_attn generation=4/8 best_nmse=0.000525 stagnant=0
[rotation-search] site=model.decoder.layers.10.encoder_attn generation=5/8 best_nmse=0.000517 stagnant=0
[rotation-search] site=model.decoder.layers.10.encoder_attn generation=6/8 best_nmse=0.000517 stagnant=0
[rotation-search] site=model.decoder.layers.10.encoder_attn generation=7/8 best_nmse=0.000515 stagnant=0
[rotation-search] site=model.decoder.layers.10.encoder_attn generation=8/8 best_nmse=0.000515 stagnant=1
[rotation-search] site=model.decoder.layers.10.encoder_attn committed_nmse=0.000515
[rotation-search] site=model.decoder.layers.11.self_attn start population=6
[rotation-search] site=model.decoder.layers.11.self_attn generation=1/8 best_nmse=0.000580 stagnant=0
[rotation-search] site=model.decoder.layers.11.self_attn generation=2/8 best_nmse=0.000580 stagnant=1
[rotation-search] site=model.decoder.layers.11.self_attn generation=3/8 best_nmse=0.000580 stagnant=2
[rotation-search] site=model.decoder.layers.11.self_attn generation=4/8 best_nmse=0.000580 stagnant=3
[rotation-search] site=model.decoder.layers.11.self_attn generation=5/8 best_nmse=0.000580 stagnant=4
[rotation-search] site=model.decoder.layers.11.self_attn early-stop patience=4
[rotation-search] site=model.decoder.layers.11.self_attn committed_nmse=0.000580
[rotation-search] site=model.decoder.layers.11.encoder_attn start population=6
[rotation-search] site=model.decoder.layers.11.encoder_attn generation=1/8 best_nmse=0.000564 stagnant=0
[rotation-search] site=model.decoder.layers.11.encoder_attn generation=2/8 best_nmse=0.000564 stagnant=1
[rotation-search] site=model.decoder.layers.11.encoder_attn generation=3/8 best_nmse=0.000562 stagnant=0
[rotation-search] site=model.decoder.layers.11.encoder_attn generation=4/8 best_nmse=0.000561 stagnant=0
[rotation-search] site=model.decoder.layers.11.encoder_attn generation=5/8 best_nmse=0.000559 stagnant=0
[rotation-search] site=model.decoder.layers.11.encoder_attn generation=6/8 best_nmse=0.000559 stagnant=0
[rotation-search] site=model.decoder.layers.11.encoder_attn generation=7/8 best_nmse=0.000556 stagnant=0
[rotation-search] site=model.decoder.layers.11.encoder_attn generation=8/8 best_nmse=0.000556 stagnant=1
[rotation-search] site=model.decoder.layers.11.encoder_attn committed_nmse=0.000556
[rotation-search] site=model.decoder.layers.12.self_attn start population=6
[rotation-search] site=model.decoder.layers.12.self_attn generation=1/8 best_nmse=0.000669 stagnant=0
[rotation-search] site=model.decoder.layers.12.self_attn generation=2/8 best_nmse=0.000661 stagnant=0
[rotation-search] site=model.decoder.layers.12.self_attn generation=3/8 best_nmse=0.000657 stagnant=0
[rotation-search] site=model.decoder.layers.12.self_attn generation=4/8 best_nmse=0.000656 stagnant=0
[rotation-search] site=model.decoder.layers.12.self_attn generation=5/8 best_nmse=0.000656 stagnant=1
[rotation-search] site=model.decoder.layers.12.self_attn generation=6/8 best_nmse=0.000656 stagnant=2
[rotation-search] site=model.decoder.layers.12.self_attn generation=7/8 best_nmse=0.000650 stagnant=0
[rotation-search] site=model.decoder.layers.12.self_attn generation=8/8 best_nmse=0.000645 stagnant=0
[rotation-search] site=model.decoder.layers.12.self_attn committed_nmse=0.000645
[rotation-search] site=model.decoder.layers.12.encoder_attn start population=6
[rotation-search] site=model.decoder.layers.12.encoder_attn generation=1/8 best_nmse=0.000611 stagnant=0
[rotation-search] site=model.decoder.layers.12.encoder_attn generation=2/8 best_nmse=0.000609 stagnant=0
[rotation-search] site=model.decoder.layers.12.encoder_attn generation=3/8 best_nmse=0.000609 stagnant=1
[rotation-search] site=model.decoder.layers.12.encoder_attn generation=4/8 best_nmse=0.000602 stagnant=0
[rotation-search] site=model.decoder.layers.12.encoder_attn generation=5/8 best_nmse=0.000602 stagnant=0
[rotation-search] site=model.decoder.layers.12.encoder_attn generation=6/8 best_nmse=0.000601 stagnant=0
[rotation-search] site=model.decoder.layers.12.encoder_attn generation=7/8 best_nmse=0.000570 stagnant=0
[rotation-search] site=model.decoder.layers.12.encoder_attn generation=8/8 best_nmse=0.000569 stagnant=0
[rotation-search] site=model.decoder.layers.12.encoder_attn committed_nmse=0.000569
[rotation-search] site=model.decoder.layers.13.self_attn start population=6
[rotation-search] site=model.decoder.layers.13.self_attn generation=1/8 best_nmse=0.000971 stagnant=0
[rotation-search] site=model.decoder.layers.13.self_attn generation=2/8 best_nmse=0.000971 stagnant=1
[rotation-search] site=model.decoder.layers.13.self_attn generation=3/8 best_nmse=0.000944 stagnant=0
[rotation-search] site=model.decoder.layers.13.self_attn generation=4/8 best_nmse=0.000944 stagnant=1
[rotation-search] site=model.decoder.layers.13.self_attn generation=5/8 best_nmse=0.000944 stagnant=2
[rotation-search] site=model.decoder.layers.13.self_attn generation=6/8 best_nmse=0.000943 stagnant=0
[rotation-search] site=model.decoder.layers.13.self_attn generation=7/8 best_nmse=0.000943 stagnant=1
[rotation-search] site=model.decoder.layers.13.self_attn generation=8/8 best_nmse=0.000943 stagnant=2
[rotation-search] site=model.decoder.layers.13.self_attn committed_nmse=0.000943
[rotation-search] site=model.decoder.layers.13.encoder_attn start population=6
[rotation-search] site=model.decoder.layers.13.encoder_attn generation=1/8 best_nmse=0.000891 stagnant=0
[rotation-search] site=model.decoder.layers.13.encoder_attn generation=2/8 best_nmse=0.000891 stagnant=1
[rotation-search] site=model.decoder.layers.13.encoder_attn generation=3/8 best_nmse=0.000890 stagnant=0
[rotation-search] site=model.decoder.layers.13.encoder_attn generation=4/8 best_nmse=0.000866 stagnant=0
[rotation-search] site=model.decoder.layers.13.encoder_attn generation=5/8 best_nmse=0.000866 stagnant=1
[rotation-search] site=model.decoder.layers.13.encoder_attn generation=6/8 best_nmse=0.000866 stagnant=2
[rotation-search] site=model.decoder.layers.13.encoder_attn generation=7/8 best_nmse=0.000865 stagnant=0
[rotation-search] site=model.decoder.layers.13.encoder_attn generation=8/8 best_nmse=0.000865 stagnant=1
[rotation-search] site=model.decoder.layers.13.encoder_attn committed_nmse=0.000865
[rotation-search] site=model.decoder.layers.14.self_attn start population=6
[rotation-search] site=model.decoder.layers.14.self_attn generation=1/8 best_nmse=0.000785 stagnant=0
[rotation-search] site=model.decoder.layers.14.self_attn generation=2/8 best_nmse=0.000785 stagnant=1
[rotation-search] site=model.decoder.layers.14.self_attn generation=3/8 best_nmse=0.000784 stagnant=0
[rotation-search] site=model.decoder.layers.14.self_attn generation=4/8 best_nmse=0.000782 stagnant=0
[rotation-search] site=model.decoder.layers.14.self_attn generation=5/8 best_nmse=0.000776 stagnant=0
[rotation-search] site=model.decoder.layers.14.self_attn generation=6/8 best_nmse=0.000776 stagnant=1
[rotation-search] site=model.decoder.layers.14.self_attn generation=7/8 best_nmse=0.000776 stagnant=2
[rotation-search] site=model.decoder.layers.14.self_attn generation=8/8 best_nmse=0.000776 stagnant=3
[rotation-search] site=model.decoder.layers.14.self_attn committed_nmse=0.000776
[rotation-search] site=model.decoder.layers.14.encoder_attn start population=6
[rotation-search] site=model.decoder.layers.14.encoder_attn generation=1/8 best_nmse=0.000735 stagnant=0
[rotation-search] site=model.decoder.layers.14.encoder_attn generation=2/8 best_nmse=0.000735 stagnant=1
[rotation-search] site=model.decoder.layers.14.encoder_attn generation=3/8 best_nmse=0.000731 stagnant=0
[rotation-search] site=model.decoder.layers.14.encoder_attn generation=4/8 best_nmse=0.000731 stagnant=1
[rotation-search] site=model.decoder.layers.14.encoder_attn generation=5/8 best_nmse=0.000731 stagnant=2
[rotation-search] site=model.decoder.layers.14.encoder_attn generation=6/8 best_nmse=0.000731 stagnant=3
[rotation-search] site=model.decoder.layers.14.encoder_attn generation=7/8 best_nmse=0.000727 stagnant=0
[rotation-search] site=model.decoder.layers.14.encoder_attn generation=8/8 best_nmse=0.000725 stagnant=0
[rotation-search] site=model.decoder.layers.14.encoder_attn committed_nmse=0.000725
[rotation-search] site=model.decoder.layers.15.self_attn start population=6
[rotation-search] site=model.decoder.layers.15.self_attn generation=1/8 best_nmse=0.000844 stagnant=0
[rotation-search] site=model.decoder.layers.15.self_attn generation=2/8 best_nmse=0.000844 stagnant=1
[rotation-search] site=model.decoder.layers.15.self_attn generation=3/8 best_nmse=0.000838 stagnant=0
[rotation-search] site=model.decoder.layers.15.self_attn generation=4/8 best_nmse=0.000836 stagnant=0
[rotation-search] site=model.decoder.layers.15.self_attn generation=5/8 best_nmse=0.000830 stagnant=0
[rotation-search] site=model.decoder.layers.15.self_attn generation=6/8 best_nmse=0.000830 stagnant=1
[rotation-search] site=model.decoder.layers.15.self_attn generation=7/8 best_nmse=0.000830 stagnant=2
[rotation-search] site=model.decoder.layers.15.self_attn generation=8/8 best_nmse=0.000829 stagnant=0
[rotation-search] site=model.decoder.layers.15.self_attn committed_nmse=0.000829
[rotation-search] site=model.decoder.layers.15.encoder_attn start population=6
[rotation-search] site=model.decoder.layers.15.encoder_attn generation=1/8 best_nmse=0.000811 stagnant=0
[rotation-search] site=model.decoder.layers.15.encoder_attn generation=2/8 best_nmse=0.000809 stagnant=0
[rotation-search] site=model.decoder.layers.15.encoder_attn generation=3/8 best_nmse=0.000805 stagnant=0
[rotation-search] site=model.decoder.layers.15.encoder_attn generation=4/8 best_nmse=0.000802 stagnant=0
[rotation-search] site=model.decoder.layers.15.encoder_attn generation=5/8 best_nmse=0.000802 stagnant=1
[rotation-search] site=model.decoder.layers.15.encoder_attn generation=6/8 best_nmse=0.000802 stagnant=2
[rotation-search] site=model.decoder.layers.15.encoder_attn generation=7/8 best_nmse=0.000802 stagnant=3
[rotation-search] site=model.decoder.layers.15.encoder_attn generation=8/8 best_nmse=0.000802 stagnant=4
[rotation-search] site=model.decoder.layers.15.encoder_attn early-stop patience=4
[rotation-search] site=model.decoder.layers.15.encoder_attn committed_nmse=0.000802
[rotation-search] site=model.decoder.layers.16.self_attn start population=6
[rotation-search] site=model.decoder.layers.16.self_attn generation=1/8 best_nmse=0.000913 stagnant=0
[rotation-search] site=model.decoder.layers.16.self_attn generation=2/8 best_nmse=0.000913 stagnant=1
[rotation-search] site=model.decoder.layers.16.self_attn generation=3/8 best_nmse=0.000910 stagnant=0
[rotation-search] site=model.decoder.layers.16.self_attn generation=4/8 best_nmse=0.000906 stagnant=0
[rotation-search] site=model.decoder.layers.16.self_attn generation=5/8 best_nmse=0.000906 stagnant=1
[rotation-search] site=model.decoder.layers.16.self_attn generation=6/8 best_nmse=0.000906 stagnant=2
[rotation-search] site=model.decoder.layers.16.self_attn generation=7/8 best_nmse=0.000906 stagnant=3
[rotation-search] site=model.decoder.layers.16.self_attn generation=8/8 best_nmse=0.000906 stagnant=4
[rotation-search] site=model.decoder.layers.16.self_attn early-stop patience=4
[rotation-search] site=model.decoder.layers.16.self_attn committed_nmse=0.000906
[rotation-search] site=model.decoder.layers.16.encoder_attn start population=6
[rotation-search] site=model.decoder.layers.16.encoder_attn generation=1/8 best_nmse=0.000896 stagnant=0
[rotation-search] site=model.decoder.layers.16.encoder_attn generation=2/8 best_nmse=0.000896 stagnant=1
[rotation-search] site=model.decoder.layers.16.encoder_attn generation=3/8 best_nmse=0.000846 stagnant=0
[rotation-search] site=model.decoder.layers.16.encoder_attn generation=4/8 best_nmse=0.000846 stagnant=0
[rotation-search] site=model.decoder.layers.16.encoder_attn generation=5/8 best_nmse=0.000846 stagnant=1
[rotation-search] site=model.decoder.layers.16.encoder_attn generation=6/8 best_nmse=0.000846 stagnant=2
[rotation-search] site=model.decoder.layers.16.encoder_attn generation=7/8 best_nmse=0.000846 stagnant=3
[rotation-search] site=model.decoder.layers.16.encoder_attn generation=8/8 best_nmse=0.000845 stagnant=0
[rotation-search] site=model.decoder.layers.16.encoder_attn committed_nmse=0.000845
[rotation-search] site=model.decoder.layers.17.self_attn start population=6
[rotation-search] site=model.decoder.layers.17.self_attn generation=1/8 best_nmse=0.000789 stagnant=0
[rotation-search] site=model.decoder.layers.17.self_attn generation=2/8 best_nmse=0.000787 stagnant=0
[rotation-search] site=model.decoder.layers.17.self_attn generation=3/8 best_nmse=0.000787 stagnant=1
[rotation-search] site=model.decoder.layers.17.self_attn generation=4/8 best_nmse=0.000787 stagnant=2
[rotation-search] site=model.decoder.layers.17.self_attn generation=5/8 best_nmse=0.000787 stagnant=3
[rotation-search] site=model.decoder.layers.17.self_attn generation=6/8 best_nmse=0.000787 stagnant=4
[rotation-search] site=model.decoder.layers.17.self_attn early-stop patience=4
[rotation-search] site=model.decoder.layers.17.self_attn committed_nmse=0.000787
[rotation-search] site=model.decoder.layers.17.encoder_attn start population=6
[rotation-search] site=model.decoder.layers.17.encoder_attn generation=1/8 best_nmse=0.000787 stagnant=0
[rotation-search] site=model.decoder.layers.17.encoder_attn generation=2/8 best_nmse=0.000787 stagnant=1
[rotation-search] site=model.decoder.layers.17.encoder_attn generation=3/8 best_nmse=0.000787 stagnant=2
[rotation-search] site=model.decoder.layers.17.encoder_attn generation=4/8 best_nmse=0.000777 stagnant=0
[rotation-search] site=model.decoder.layers.17.encoder_attn generation=5/8 best_nmse=0.000777 stagnant=1
[rotation-search] site=model.decoder.layers.17.encoder_attn generation=6/8 best_nmse=0.000777 stagnant=2
[rotation-search] site=model.decoder.layers.17.encoder_attn generation=7/8 best_nmse=0.000776 stagnant=0
[rotation-search] site=model.decoder.layers.17.encoder_attn generation=8/8 best_nmse=0.000771 stagnant=0
[rotation-search] site=model.decoder.layers.17.encoder_attn committed_nmse=0.000771
[rotation-search] site=model.decoder.layers.18.self_attn start population=6
[rotation-search] site=model.decoder.layers.18.self_attn generation=1/8 best_nmse=0.001056 stagnant=0
[rotation-search] site=model.decoder.layers.18.self_attn generation=2/8 best_nmse=0.001054 stagnant=0
[rotation-search] site=model.decoder.layers.18.self_attn generation=3/8 best_nmse=0.001054 stagnant=1
[rotation-search] site=model.decoder.layers.18.self_attn generation=4/8 best_nmse=0.001054 stagnant=2
[rotation-search] site=model.decoder.layers.18.self_attn generation=5/8 best_nmse=0.001054 stagnant=3
[rotation-search] site=model.decoder.layers.18.self_attn generation=6/8 best_nmse=0.001054 stagnant=4
[rotation-search] site=model.decoder.layers.18.self_attn early-stop patience=4
[rotation-search] site=model.decoder.layers.18.self_attn committed_nmse=0.001054
[rotation-search] site=model.decoder.layers.18.encoder_attn start population=6
[rotation-search] site=model.decoder.layers.18.encoder_attn generation=1/8 best_nmse=0.001043 stagnant=0
[rotation-search] site=model.decoder.layers.18.encoder_attn generation=2/8 best_nmse=0.001043 stagnant=1
[rotation-search] site=model.decoder.layers.18.encoder_attn generation=3/8 best_nmse=0.001040 stagnant=0
[rotation-search] site=model.decoder.layers.18.encoder_attn generation=4/8 best_nmse=0.000992 stagnant=0
[rotation-search] site=model.decoder.layers.18.encoder_attn generation=5/8 best_nmse=0.000992 stagnant=1
[rotation-search] site=model.decoder.layers.18.encoder_attn generation=6/8 best_nmse=0.000992 stagnant=2
[rotation-search] site=model.decoder.layers.18.encoder_attn generation=7/8 best_nmse=0.000991 stagnant=0
[rotation-search] site=model.decoder.layers.18.encoder_attn generation=8/8 best_nmse=0.000991 stagnant=0
[rotation-search] site=model.decoder.layers.18.encoder_attn committed_nmse=0.000991
[rotation-search] site=model.decoder.layers.19.self_attn start population=6
[rotation-search] site=model.decoder.layers.19.self_attn generation=1/8 best_nmse=0.001036 stagnant=0
[rotation-search] site=model.decoder.layers.19.self_attn generation=2/8 best_nmse=0.001036 stagnant=1
[rotation-search] site=model.decoder.layers.19.self_attn generation=3/8 best_nmse=0.001036 stagnant=2
[rotation-search] site=model.decoder.layers.19.self_attn generation=4/8 best_nmse=0.001036 stagnant=3
[rotation-search] site=model.decoder.layers.19.self_attn generation=5/8 best_nmse=0.001036 stagnant=4
[rotation-search] site=model.decoder.layers.19.self_attn early-stop patience=4
[rotation-search] site=model.decoder.layers.19.self_attn committed_nmse=0.001036
[rotation-search] site=model.decoder.layers.19.encoder_attn start population=6
[rotation-search] site=model.decoder.layers.19.encoder_attn generation=1/8 best_nmse=0.000962 stagnant=0
[rotation-search] site=model.decoder.layers.19.encoder_attn generation=2/8 best_nmse=0.000958 stagnant=0
[rotation-search] site=model.decoder.layers.19.encoder_attn generation=3/8 best_nmse=0.000957 stagnant=0
[rotation-search] site=model.decoder.layers.19.encoder_attn generation=4/8 best_nmse=0.000957 stagnant=1
[rotation-search] site=model.decoder.layers.19.encoder_attn generation=5/8 best_nmse=0.000957 stagnant=2
[rotation-search] site=model.decoder.layers.19.encoder_attn generation=6/8 best_nmse=0.000954 stagnant=0
[rotation-search] site=model.decoder.layers.19.encoder_attn generation=7/8 best_nmse=0.000954 stagnant=0
[rotation-search] site=model.decoder.layers.19.encoder_attn generation=8/8 best_nmse=0.000954 stagnant=1
[rotation-search] site=model.decoder.layers.19.encoder_attn committed_nmse=0.000954
[rotation-search] site=model.decoder.layers.20.self_attn start population=6
[rotation-search] site=model.decoder.layers.20.self_attn generation=1/8 best_nmse=0.000837 stagnant=0
[rotation-search] site=model.decoder.layers.20.self_attn generation=2/8 best_nmse=0.000837 stagnant=1
[rotation-search] site=model.decoder.layers.20.self_attn generation=3/8 best_nmse=0.000837 stagnant=2
[rotation-search] site=model.decoder.layers.20.self_attn generation=4/8 best_nmse=0.000837 stagnant=3
[rotation-search] site=model.decoder.layers.20.self_attn generation=5/8 best_nmse=0.000836 stagnant=0
[rotation-search] site=model.decoder.layers.20.self_attn generation=6/8 best_nmse=0.000836 stagnant=1
[rotation-search] site=model.decoder.layers.20.self_attn generation=7/8 best_nmse=0.000834 stagnant=0
[rotation-search] site=model.decoder.layers.20.self_attn generation=8/8 best_nmse=0.000834 stagnant=1
[rotation-search] site=model.decoder.layers.20.self_attn committed_nmse=0.000834
[rotation-search] site=model.decoder.layers.20.encoder_attn start population=6
[rotation-search] site=model.decoder.layers.20.encoder_attn generation=1/8 best_nmse=0.000834 stagnant=0
[rotation-search] site=model.decoder.layers.20.encoder_attn generation=2/8 best_nmse=0.000834 stagnant=1
[rotation-search] site=model.decoder.layers.20.encoder_attn generation=3/8 best_nmse=0.000834 stagnant=2
[rotation-search] site=model.decoder.layers.20.encoder_attn generation=4/8 best_nmse=0.000834 stagnant=3
[rotation-search] site=model.decoder.layers.20.encoder_attn generation=5/8 best_nmse=0.000825 stagnant=0
[rotation-search] site=model.decoder.layers.20.encoder_attn generation=6/8 best_nmse=0.000824 stagnant=0
[rotation-search] site=model.decoder.layers.20.encoder_attn generation=7/8 best_nmse=0.000824 stagnant=1
[rotation-search] site=model.decoder.layers.20.encoder_attn generation=8/8 best_nmse=0.000824 stagnant=2
[rotation-search] site=model.decoder.layers.20.encoder_attn committed_nmse=0.000824
[rotation-search] site=model.decoder.layers.21.self_attn start population=6
[rotation-search] site=model.decoder.layers.21.self_attn generation=1/8 best_nmse=0.000830 stagnant=0
[rotation-search] site=model.decoder.layers.21.self_attn generation=2/8 best_nmse=0.000830 stagnant=1
[rotation-search] site=model.decoder.layers.21.self_attn generation=3/8 best_nmse=0.000830 stagnant=2
[rotation-search] site=model.decoder.layers.21.self_attn generation=4/8 best_nmse=0.000830 stagnant=3
[rotation-search] site=model.decoder.layers.21.self_attn generation=5/8 best_nmse=0.000826 stagnant=0
[rotation-search] site=model.decoder.layers.21.self_attn generation=6/8 best_nmse=0.000824 stagnant=0
[rotation-search] site=model.decoder.layers.21.self_attn generation=7/8 best_nmse=0.000823 stagnant=0
[rotation-search] site=model.decoder.layers.21.self_attn generation=8/8 best_nmse=0.000822 stagnant=0
[rotation-search] site=model.decoder.layers.21.self_attn committed_nmse=0.000822
[rotation-search] site=model.decoder.layers.21.encoder_attn start population=6
[rotation-search] site=model.decoder.layers.21.encoder_attn generation=1/8 best_nmse=0.000822 stagnant=0
[rotation-search] site=model.decoder.layers.21.encoder_attn generation=2/8 best_nmse=0.000822 stagnant=1
[rotation-search] site=model.decoder.layers.21.encoder_attn generation=3/8 best_nmse=0.000817 stagnant=0
[rotation-search] site=model.decoder.layers.21.encoder_attn generation=4/8 best_nmse=0.000817 stagnant=1
[rotation-search] site=model.decoder.layers.21.encoder_attn generation=5/8 best_nmse=0.000817 stagnant=2
[rotation-search] site=model.decoder.layers.21.encoder_attn generation=6/8 best_nmse=0.000817 stagnant=3
[rotation-search] site=model.decoder.layers.21.encoder_attn generation=7/8 best_nmse=0.000795 stagnant=0
[rotation-search] site=model.decoder.layers.21.encoder_attn generation=8/8 best_nmse=0.000794 stagnant=0
[rotation-search] site=model.decoder.layers.21.encoder_attn committed_nmse=0.000794
[rotation-search] site=model.decoder.layers.22.self_attn start population=6
[rotation-search] site=model.decoder.layers.22.self_attn generation=1/8 best_nmse=0.000734 stagnant=0
[rotation-search] site=model.decoder.layers.22.self_attn generation=2/8 best_nmse=0.000734 stagnant=0
[rotation-search] site=model.decoder.layers.22.self_attn generation=3/8 best_nmse=0.000734 stagnant=1
[rotation-search] site=model.decoder.layers.22.self_attn generation=4/8 best_nmse=0.000734 stagnant=2
[rotation-search] site=model.decoder.layers.22.self_attn generation=5/8 best_nmse=0.000730 stagnant=0
[rotation-search] site=model.decoder.layers.22.self_attn generation=6/8 best_nmse=0.000730 stagnant=1
[rotation-search] site=model.decoder.layers.22.self_attn generation=7/8 best_nmse=0.000730 stagnant=2
[rotation-search] site=model.decoder.layers.22.self_attn generation=8/8 best_nmse=0.000730 stagnant=0
[rotation-search] site=model.decoder.layers.22.self_attn committed_nmse=0.000730
[rotation-search] site=model.decoder.layers.22.encoder_attn start population=6
[rotation-search] site=model.decoder.layers.22.encoder_attn generation=1/8 best_nmse=0.000713 stagnant=0
[rotation-search] site=model.decoder.layers.22.encoder_attn generation=2/8 best_nmse=0.000690 stagnant=0
[rotation-search] site=model.decoder.layers.22.encoder_attn generation=3/8 best_nmse=0.000683 stagnant=0
[rotation-search] site=model.decoder.layers.22.encoder_attn generation=4/8 best_nmse=0.000682 stagnant=0
[rotation-search] site=model.decoder.layers.22.encoder_attn generation=5/8 best_nmse=0.000682 stagnant=1
[rotation-search] site=model.decoder.layers.22.encoder_attn generation=6/8 best_nmse=0.000682 stagnant=2
[rotation-search] site=model.decoder.layers.22.encoder_attn generation=7/8 best_nmse=0.000681 stagnant=0
[rotation-search] site=model.decoder.layers.22.encoder_attn generation=8/8 best_nmse=0.000681 stagnant=0
[rotation-search] site=model.decoder.layers.22.encoder_attn committed_nmse=0.000681
[rotation-search] site=model.decoder.layers.23.self_attn start population=6
[rotation-search] site=model.decoder.layers.23.self_attn generation=1/8 best_nmse=0.000857 stagnant=0
[rotation-search] site=model.decoder.layers.23.self_attn generation=2/8 best_nmse=0.000854 stagnant=0
[rotation-search] site=model.decoder.layers.23.self_attn generation=3/8 best_nmse=0.000854 stagnant=1
[rotation-search] site=model.decoder.layers.23.self_attn generation=4/8 best_nmse=0.000854 stagnant=2
[rotation-search] site=model.decoder.layers.23.self_attn generation=5/8 best_nmse=0.000854 stagnant=3
[rotation-search] site=model.decoder.layers.23.self_attn generation=6/8 best_nmse=0.000854 stagnant=4
[rotation-search] site=model.decoder.layers.23.self_attn early-stop patience=4
[rotation-search] site=model.decoder.layers.23.self_attn committed_nmse=0.000854
[rotation-search] site=model.decoder.layers.23.encoder_attn start population=6
[rotation-search] site=model.decoder.layers.23.encoder_attn generation=1/8 best_nmse=0.000839 stagnant=0
[rotation-search] site=model.decoder.layers.23.encoder_attn generation=2/8 best_nmse=0.000824 stagnant=0
[rotation-search] site=model.decoder.layers.23.encoder_attn generation=3/8 best_nmse=0.000824 stagnant=1
[rotation-search] site=model.decoder.layers.23.encoder_attn generation=4/8 best_nmse=0.000811 stagnant=0
[rotation-search] site=model.decoder.layers.23.encoder_attn generation=5/8 best_nmse=0.000810 stagnant=0
[rotation-search] site=model.decoder.layers.23.encoder_attn generation=6/8 best_nmse=0.000806 stagnant=0
[rotation-search] site=model.decoder.layers.23.encoder_attn generation=7/8 best_nmse=0.000806 stagnant=1
[rotation-search] site=model.decoder.layers.23.encoder_attn generation=8/8 best_nmse=0.000801 stagnant=0
[rotation-search] site=model.decoder.layers.23.encoder_attn committed_nmse=0.000801
[rotation-search] site=model.decoder.layers.24.self_attn start population=6
[rotation-search] site=model.decoder.layers.24.self_attn generation=1/8 best_nmse=0.000861 stagnant=0
[rotation-search] site=model.decoder.layers.24.self_attn generation=2/8 best_nmse=0.000855 stagnant=0
[rotation-search] site=model.decoder.layers.24.self_attn generation=3/8 best_nmse=0.000843 stagnant=0
[rotation-search] site=model.decoder.layers.24.self_attn generation=4/8 best_nmse=0.000843 stagnant=1
[rotation-search] site=model.decoder.layers.24.self_attn generation=5/8 best_nmse=0.000843 stagnant=2
[rotation-search] site=model.decoder.layers.24.self_attn generation=6/8 best_nmse=0.000843 stagnant=3
[rotation-search] site=model.decoder.layers.24.self_attn generation=7/8 best_nmse=0.000843 stagnant=4
[rotation-search] site=model.decoder.layers.24.self_attn early-stop patience=4
[rotation-search] site=model.decoder.layers.24.self_attn committed_nmse=0.000843
[rotation-search] site=model.decoder.layers.24.encoder_attn start population=6
[rotation-search] site=model.decoder.layers.24.encoder_attn generation=1/8 best_nmse=0.000815 stagnant=0
[rotation-search] site=model.decoder.layers.24.encoder_attn generation=2/8 best_nmse=0.000812 stagnant=0
[rotation-search] site=model.decoder.layers.24.encoder_attn generation=3/8 best_nmse=0.000812 stagnant=1
[rotation-search] site=model.decoder.layers.24.encoder_attn generation=4/8 best_nmse=0.000810 stagnant=0
[rotation-search] site=model.decoder.layers.24.encoder_attn generation=5/8 best_nmse=0.000810 stagnant=1
[rotation-search] site=model.decoder.layers.24.encoder_attn generation=6/8 best_nmse=0.000802 stagnant=0
[rotation-search] site=model.decoder.layers.24.encoder_attn generation=7/8 best_nmse=0.000802 stagnant=1
[rotation-search] site=model.decoder.layers.24.encoder_attn generation=8/8 best_nmse=0.000802 stagnant=2
[rotation-search] site=model.decoder.layers.24.encoder_attn committed_nmse=0.000802
[rotation-search] site=model.decoder.layers.25.self_attn start population=6
[rotation-search] site=model.decoder.layers.25.self_attn generation=1/8 best_nmse=0.000840 stagnant=0
[rotation-search] site=model.decoder.layers.25.self_attn generation=2/8 best_nmse=0.000832 stagnant=0
[rotation-search] site=model.decoder.layers.25.self_attn generation=3/8 best_nmse=0.000830 stagnant=0
[rotation-search] site=model.decoder.layers.25.self_attn generation=4/8 best_nmse=0.000829 stagnant=0
[rotation-search] site=model.decoder.layers.25.self_attn generation=5/8 best_nmse=0.000829 stagnant=1
[rotation-search] site=model.decoder.layers.25.self_attn generation=6/8 best_nmse=0.000829 stagnant=2
[rotation-search] site=model.decoder.layers.25.self_attn generation=7/8 best_nmse=0.000829 stagnant=3
[rotation-search] site=model.decoder.layers.25.self_attn generation=8/8 best_nmse=0.000826 stagnant=0
[rotation-search] site=model.decoder.layers.25.self_attn committed_nmse=0.000826
[rotation-search] site=model.decoder.layers.25.encoder_attn start population=6
[rotation-search] site=model.decoder.layers.25.encoder_attn generation=1/8 best_nmse=0.000826 stagnant=0
[rotation-search] site=model.decoder.layers.25.encoder_attn generation=2/8 best_nmse=0.000826 stagnant=1
[rotation-search] site=model.decoder.layers.25.encoder_attn generation=3/8 best_nmse=0.000826 stagnant=2
[rotation-search] site=model.decoder.layers.25.encoder_attn generation=4/8 best_nmse=0.000826 stagnant=3
[rotation-search] site=model.decoder.layers.25.encoder_attn generation=5/8 best_nmse=0.000826 stagnant=0
[rotation-search] site=model.decoder.layers.25.encoder_attn generation=6/8 best_nmse=0.000825 stagnant=0
[rotation-search] site=model.decoder.layers.25.encoder_attn generation=7/8 best_nmse=0.000825 stagnant=1
[rotation-search] site=model.decoder.layers.25.encoder_attn generation=8/8 best_nmse=0.000825 stagnant=2
[rotation-search] site=model.decoder.layers.25.encoder_attn committed_nmse=0.000825
[rotation-search] site=model.decoder.layers.26.self_attn start population=6
[rotation-search] site=model.decoder.layers.26.self_attn generation=1/8 best_nmse=0.000692 stagnant=0
[rotation-search] site=model.decoder.layers.26.self_attn generation=2/8 best_nmse=0.000691 stagnant=0
[rotation-search] site=model.decoder.layers.26.self_attn generation=3/8 best_nmse=0.000691 stagnant=1
[rotation-search] site=model.decoder.layers.26.self_attn generation=4/8 best_nmse=0.000690 stagnant=0
[rotation-search] site=model.decoder.layers.26.self_attn generation=5/8 best_nmse=0.000690 stagnant=1
[rotation-search] site=model.decoder.layers.26.self_attn generation=6/8 best_nmse=0.000690 stagnant=2
[rotation-search] site=model.decoder.layers.26.self_attn generation=7/8 best_nmse=0.000690 stagnant=3
[rotation-search] site=model.decoder.layers.26.self_attn generation=8/8 best_nmse=0.000690 stagnant=4
[rotation-search] site=model.decoder.layers.26.self_attn early-stop patience=4
[rotation-search] site=model.decoder.layers.26.self_attn committed_nmse=0.000690
[rotation-search] site=model.decoder.layers.26.encoder_attn start population=6
[rotation-search] site=model.decoder.layers.26.encoder_attn generation=1/8 best_nmse=0.000690 stagnant=0
[rotation-search] site=model.decoder.layers.26.encoder_attn generation=2/8 best_nmse=0.000690 stagnant=1
[rotation-search] site=model.decoder.layers.26.encoder_attn generation=3/8 best_nmse=0.000688 stagnant=0
[rotation-search] site=model.decoder.layers.26.encoder_attn generation=4/8 best_nmse=0.000687 stagnant=0
[rotation-search] site=model.decoder.layers.26.encoder_attn generation=5/8 best_nmse=0.000687 stagnant=1
[rotation-search] site=model.decoder.layers.26.encoder_attn generation=6/8 best_nmse=0.000687 stagnant=2
[rotation-search] site=model.decoder.layers.26.encoder_attn generation=7/8 best_nmse=0.000672 stagnant=0
[rotation-search] site=model.decoder.layers.26.encoder_attn generation=8/8 best_nmse=0.000672 stagnant=1
[rotation-search] site=model.decoder.layers.26.encoder_attn committed_nmse=0.000672
[rotation-search] site=model.decoder.layers.27.self_attn start population=6
[rotation-search] site=model.decoder.layers.27.self_attn generation=1/8 best_nmse=0.001351 stagnant=0
[rotation-search] site=model.decoder.layers.27.self_attn generation=2/8 best_nmse=0.001346 stagnant=0
[rotation-search] site=model.decoder.layers.27.self_attn generation=3/8 best_nmse=0.001319 stagnant=0
[rotation-search] site=model.decoder.layers.27.self_attn generation=4/8 best_nmse=0.001317 stagnant=0
[rotation-search] site=model.decoder.layers.27.self_attn generation=5/8 best_nmse=0.001317 stagnant=1
[rotation-search] site=model.decoder.layers.27.self_attn generation=6/8 best_nmse=0.001317 stagnant=2
[rotation-search] site=model.decoder.layers.27.self_attn generation=7/8 best_nmse=0.001317 stagnant=3
[rotation-search] site=model.decoder.layers.27.self_attn generation=8/8 best_nmse=0.001313 stagnant=0
[rotation-search] site=model.decoder.layers.27.self_attn committed_nmse=0.001313
[rotation-search] site=model.decoder.layers.27.encoder_attn start population=6
[rotation-search] site=model.decoder.layers.27.encoder_attn generation=1/8 best_nmse=0.001217 stagnant=0
[rotation-search] site=model.decoder.layers.27.encoder_attn generation=2/8 best_nmse=0.001217 stagnant=1
[rotation-search] site=model.decoder.layers.27.encoder_attn generation=3/8 best_nmse=0.001209 stagnant=0
[rotation-search] site=model.decoder.layers.27.encoder_attn generation=4/8 best_nmse=0.001209 stagnant=1
[rotation-search] site=model.decoder.layers.27.encoder_attn generation=5/8 best_nmse=0.001209 stagnant=2
[rotation-search] site=model.decoder.layers.27.encoder_attn generation=6/8 best_nmse=0.001207 stagnant=0
[rotation-search] site=model.decoder.layers.27.encoder_attn generation=7/8 best_nmse=0.001207 stagnant=1
[rotation-search] site=model.decoder.layers.27.encoder_attn generation=8/8 best_nmse=0.001204 stagnant=0
[rotation-search] site=model.decoder.layers.27.encoder_attn committed_nmse=0.001204
[rotation-search] site=model.decoder.layers.28.self_attn start population=6
[rotation-search] site=model.decoder.layers.28.self_attn generation=1/8 best_nmse=0.000675 stagnant=0
[rotation-search] site=model.decoder.layers.28.self_attn generation=2/8 best_nmse=0.000675 stagnant=1
[rotation-search] site=model.decoder.layers.28.self_attn generation=3/8 best_nmse=0.000675 stagnant=2
[rotation-search] site=model.decoder.layers.28.self_attn generation=4/8 best_nmse=0.000675 stagnant=3
[rotation-search] site=model.decoder.layers.28.self_attn generation=5/8 best_nmse=0.000675 stagnant=4
[rotation-search] site=model.decoder.layers.28.self_attn early-stop patience=4
[rotation-search] site=model.decoder.layers.28.self_attn committed_nmse=0.000675
[rotation-search] site=model.decoder.layers.28.encoder_attn start population=6
[rotation-search] site=model.decoder.layers.28.encoder_attn generation=1/8 best_nmse=0.000636 stagnant=0
[rotation-search] site=model.decoder.layers.28.encoder_attn generation=2/8 best_nmse=0.000636 stagnant=1
[rotation-search] site=model.decoder.layers.28.encoder_attn generation=3/8 best_nmse=0.000636 stagnant=2
[rotation-search] site=model.decoder.layers.28.encoder_attn generation=4/8 best_nmse=0.000636 stagnant=3
[rotation-search] site=model.decoder.layers.28.encoder_attn generation=5/8 best_nmse=0.000635 stagnant=0
[rotation-search] site=model.decoder.layers.28.encoder_attn generation=6/8 best_nmse=0.000635 stagnant=1
[rotation-search] site=model.decoder.layers.28.encoder_attn generation=7/8 best_nmse=0.000635 stagnant=0
[rotation-search] site=model.decoder.layers.28.encoder_attn generation=8/8 best_nmse=0.000634 stagnant=0
[rotation-search] site=model.decoder.layers.28.encoder_attn committed_nmse=0.000634
[rotation-search] site=model.decoder.layers.29.self_attn start population=6
[rotation-search] site=model.decoder.layers.29.self_attn generation=1/8 best_nmse=0.000873 stagnant=0
[rotation-search] site=model.decoder.layers.29.self_attn generation=2/8 best_nmse=0.000873 stagnant=1
[rotation-search] site=model.decoder.layers.29.self_attn generation=3/8 best_nmse=0.000873 stagnant=2
[rotation-search] site=model.decoder.layers.29.self_attn generation=4/8 best_nmse=0.000873 stagnant=3
[rotation-search] site=model.decoder.layers.29.self_attn generation=5/8 best_nmse=0.000872 stagnant=0
[rotation-search] site=model.decoder.layers.29.self_attn generation=6/8 best_nmse=0.000871 stagnant=0
[rotation-search] site=model.decoder.layers.29.self_attn generation=7/8 best_nmse=0.000871 stagnant=0
[rotation-search] site=model.decoder.layers.29.self_attn generation=8/8 best_nmse=0.000871 stagnant=1
[rotation-search] site=model.decoder.layers.29.self_attn committed_nmse=0.000871
[rotation-search] site=model.decoder.layers.29.encoder_attn start population=6
[rotation-search] site=model.decoder.layers.29.encoder_attn generation=1/8 best_nmse=0.000819 stagnant=0
[rotation-search] site=model.decoder.layers.29.encoder_attn generation=2/8 best_nmse=0.000809 stagnant=0
[rotation-search] site=model.decoder.layers.29.encoder_attn generation=3/8 best_nmse=0.000809 stagnant=1
[rotation-search] site=model.decoder.layers.29.encoder_attn generation=4/8 best_nmse=0.000809 stagnant=2
[rotation-search] site=model.decoder.layers.29.encoder_attn generation=5/8 best_nmse=0.000809 stagnant=3
[rotation-search] site=model.decoder.layers.29.encoder_attn generation=6/8 best_nmse=0.000809 stagnant=4
[rotation-search] site=model.decoder.layers.29.encoder_attn early-stop patience=4
[rotation-search] site=model.decoder.layers.29.encoder_attn committed_nmse=0.000809
[rotation-search] site=model.decoder.layers.30.self_attn start population=6
[rotation-search] site=model.decoder.layers.30.self_attn generation=1/8 best_nmse=0.001542 stagnant=0
[rotation-search] site=model.decoder.layers.30.self_attn generation=2/8 best_nmse=0.001542 stagnant=0
[rotation-search] site=model.decoder.layers.30.self_attn generation=3/8 best_nmse=0.001541 stagnant=0
[rotation-search] site=model.decoder.layers.30.self_attn generation=4/8 best_nmse=0.001541 stagnant=1
[rotation-search] site=model.decoder.layers.30.self_attn generation=5/8 best_nmse=0.001541 stagnant=2
[rotation-search] site=model.decoder.layers.30.self_attn generation=6/8 best_nmse=0.001541 stagnant=3
[rotation-search] site=model.decoder.layers.30.self_attn generation=7/8 best_nmse=0.001541 stagnant=4
[rotation-search] site=model.decoder.layers.30.self_attn early-stop patience=4
[rotation-search] site=model.decoder.layers.30.self_attn committed_nmse=0.001541
[rotation-search] site=model.decoder.layers.30.encoder_attn start population=6
[rotation-search] site=model.decoder.layers.30.encoder_attn generation=1/8 best_nmse=0.001352 stagnant=0
[rotation-search] site=model.decoder.layers.30.encoder_attn generation=2/8 best_nmse=0.001352 stagnant=1
[rotation-search] site=model.decoder.layers.30.encoder_attn generation=3/8 best_nmse=0.001349 stagnant=0
[rotation-search] site=model.decoder.layers.30.encoder_attn generation=4/8 best_nmse=0.001349 stagnant=1
[rotation-search] site=model.decoder.layers.30.encoder_attn generation=5/8 best_nmse=0.001349 stagnant=0
[rotation-search] site=model.decoder.layers.30.encoder_attn generation=6/8 best_nmse=0.001346 stagnant=0
[rotation-search] site=model.decoder.layers.30.encoder_attn generation=7/8 best_nmse=0.001303 stagnant=0
[rotation-search] site=model.decoder.layers.30.encoder_attn generation=8/8 best_nmse=0.001303 stagnant=1
[rotation-search] site=model.decoder.layers.30.encoder_attn committed_nmse=0.001303
[rotation-search] site=model.decoder.layers.31.self_attn start population=6
[rotation-search] site=model.decoder.layers.31.self_attn generation=1/8 best_nmse=0.001584 stagnant=0
[rotation-search] site=model.decoder.layers.31.self_attn generation=2/8 best_nmse=0.001581 stagnant=0
[rotation-search] site=model.decoder.layers.31.self_attn generation=3/8 best_nmse=0.001581 stagnant=1
[rotation-search] site=model.decoder.layers.31.self_attn generation=4/8 best_nmse=0.001567 stagnant=0
[rotation-search] site=model.decoder.layers.31.self_attn generation=5/8 best_nmse=0.001567 stagnant=1
[rotation-search] site=model.decoder.layers.31.self_attn generation=6/8 best_nmse=0.001566 stagnant=0
[rotation-search] site=model.decoder.layers.31.self_attn generation=7/8 best_nmse=0.001566 stagnant=1
[rotation-search] site=model.decoder.layers.31.self_attn generation=8/8 best_nmse=0.001566 stagnant=2
[rotation-search] site=model.decoder.layers.31.self_attn committed_nmse=0.001566
[rotation-search] site=model.decoder.layers.31.encoder_attn start population=6
[rotation-search] site=model.decoder.layers.31.encoder_attn generation=1/8 best_nmse=0.001045 stagnant=0
[rotation-search] site=model.decoder.layers.31.encoder_attn generation=2/8 best_nmse=0.001036 stagnant=0
[rotation-search] site=model.decoder.layers.31.encoder_attn generation=3/8 best_nmse=0.001034 stagnant=0
[rotation-search] site=model.decoder.layers.31.encoder_attn generation=4/8 best_nmse=0.001034 stagnant=1
[rotation-search] site=model.decoder.layers.31.encoder_attn generation=5/8 best_nmse=0.001034 stagnant=2
[rotation-search] site=model.decoder.layers.31.encoder_attn generation=6/8 best_nmse=0.001018 stagnant=0
[rotation-search] site=model.decoder.layers.31.encoder_attn generation=7/8 best_nmse=0.000980 stagnant=0
[rotation-search] site=model.decoder.layers.31.encoder_attn generation=8/8 best_nmse=0.000980 stagnant=1
[rotation-search] site=model.decoder.layers.31.encoder_attn committed_nmse=0.000980
====================
Round 2
global_generation 0
global_generation 1
global_generation 2
global_generation 3
global_generation 4
global_generation 5
global_generation 6
global_generation 7
[rotation-search] site=model.encoder.layers.0.self_attn start population=6
[rotation-search] site=model.encoder.layers.0.self_attn generation=1/8 best_nmse=0.140614 stagnant=0
[rotation-search] site=model.encoder.layers.0.self_attn generation=2/8 best_nmse=0.140557 stagnant=0
[rotation-search] site=model.encoder.layers.0.self_attn generation=3/8 best_nmse=0.140557 stagnant=1
[rotation-search] site=model.encoder.layers.0.self_attn generation=4/8 best_nmse=0.140557 stagnant=2
[rotation-search] site=model.encoder.layers.0.self_attn generation=5/8 best_nmse=0.140557 stagnant=3
[rotation-search] site=model.encoder.layers.0.self_attn generation=6/8 best_nmse=0.140229 stagnant=0
[rotation-search] site=model.encoder.layers.0.self_attn generation=7/8 best_nmse=0.140229 stagnant=1
[rotation-search] site=model.encoder.layers.0.self_attn generation=8/8 best_nmse=0.140077 stagnant=0
[rotation-search] site=model.encoder.layers.0.self_attn committed_nmse=0.140077
[rotation-search] site=model.encoder.layers.1.self_attn start population=6
[rotation-search] site=model.encoder.layers.1.self_attn generation=1/8 best_nmse=0.055762 stagnant=0
[rotation-search] site=model.encoder.layers.1.self_attn generation=2/8 best_nmse=0.055696 stagnant=0
[rotation-search] site=model.encoder.layers.1.self_attn generation=3/8 best_nmse=0.055457 stagnant=0
[rotation-search] site=model.encoder.layers.1.self_attn generation=4/8 best_nmse=0.055457 stagnant=1
[rotation-search] site=model.encoder.layers.1.self_attn generation=5/8 best_nmse=0.055457 stagnant=2
[rotation-search] site=model.encoder.layers.1.self_attn generation=6/8 best_nmse=0.055444 stagnant=0
[rotation-search] site=model.encoder.layers.1.self_attn generation=7/8 best_nmse=0.055444 stagnant=1
[rotation-search] site=model.encoder.layers.1.self_attn generation=8/8 best_nmse=0.055444 stagnant=2
[rotation-search] site=model.encoder.layers.1.self_attn committed_nmse=0.055444
[rotation-search] site=model.encoder.layers.2.self_attn start population=6
[rotation-search] site=model.encoder.layers.2.self_attn generation=1/8 best_nmse=0.060831 stagnant=0
[rotation-search] site=model.encoder.layers.2.self_attn generation=2/8 best_nmse=0.060831 stagnant=1
[rotation-search] site=model.encoder.layers.2.self_attn generation=3/8 best_nmse=0.060831 stagnant=2
[rotation-search] site=model.encoder.layers.2.self_attn generation=4/8 best_nmse=0.060746 stagnant=0
[rotation-search] site=model.encoder.layers.2.self_attn generation=5/8 best_nmse=0.060746 stagnant=1
[rotation-search] site=model.encoder.layers.2.self_attn generation=6/8 best_nmse=0.060746 stagnant=2
[rotation-search] site=model.encoder.layers.2.self_attn generation=7/8 best_nmse=0.060746 stagnant=3
[rotation-search] site=model.encoder.layers.2.self_attn generation=8/8 best_nmse=0.060746 stagnant=4
[rotation-search] site=model.encoder.layers.2.self_attn early-stop patience=4
[rotation-search] site=model.encoder.layers.2.self_attn committed_nmse=0.060746
[rotation-search] site=model.encoder.layers.3.self_attn start population=6
[rotation-search] site=model.encoder.layers.3.self_attn generation=1/8 best_nmse=0.096310 stagnant=0
[rotation-search] site=model.encoder.layers.3.self_attn generation=2/8 best_nmse=0.096299 stagnant=0
[rotation-search] site=model.encoder.layers.3.self_attn generation=3/8 best_nmse=0.096299 stagnant=1
[rotation-search] site=model.encoder.layers.3.self_attn generation=4/8 best_nmse=0.096299 stagnant=0
[rotation-search] site=model.encoder.layers.3.self_attn generation=5/8 best_nmse=0.096299 stagnant=1
[rotation-search] site=model.encoder.layers.3.self_attn generation=6/8 best_nmse=0.096296 stagnant=0
[rotation-search] site=model.encoder.layers.3.self_attn generation=7/8 best_nmse=0.096287 stagnant=0
[rotation-search] site=model.encoder.layers.3.self_attn generation=8/8 best_nmse=0.096287 stagnant=1
[rotation-search] site=model.encoder.layers.3.self_attn committed_nmse=0.096287
[rotation-search] site=model.encoder.layers.4.self_attn start population=6
[rotation-search] site=model.encoder.layers.4.self_attn generation=1/8 best_nmse=0.140184 stagnant=0
[rotation-search] site=model.encoder.layers.4.self_attn generation=2/8 best_nmse=0.140049 stagnant=0
[rotation-search] site=model.encoder.layers.4.self_attn generation=3/8 best_nmse=0.140049 stagnant=1
[rotation-search] site=model.encoder.layers.4.self_attn generation=4/8 best_nmse=0.140049 stagnant=2
[rotation-search] site=model.encoder.layers.4.self_attn generation=5/8 best_nmse=0.140039 stagnant=0
[rotation-search] site=model.encoder.layers.4.self_attn generation=6/8 best_nmse=0.140039 stagnant=1
[rotation-search] site=model.encoder.layers.4.self_attn generation=7/8 best_nmse=0.140017 stagnant=0
[rotation-search] site=model.encoder.layers.4.self_attn generation=8/8 best_nmse=0.139918 stagnant=0
[rotation-search] site=model.encoder.layers.4.self_attn committed_nmse=0.139918
[rotation-search] site=model.encoder.layers.5.self_attn start population=6
[rotation-search] site=model.encoder.layers.5.self_attn generation=1/8 best_nmse=0.022981 stagnant=0
[rotation-search] site=model.encoder.layers.5.self_attn generation=2/8 best_nmse=0.022981 stagnant=1
[rotation-search] site=model.encoder.layers.5.self_attn generation=3/8 best_nmse=0.022981 stagnant=2
[rotation-search] site=model.encoder.layers.5.self_attn generation=4/8 best_nmse=0.022972 stagnant=0
[rotation-search] site=model.encoder.layers.5.self_attn generation=5/8 best_nmse=0.022969 stagnant=0
[rotation-search] site=model.encoder.layers.5.self_attn generation=6/8 best_nmse=0.022959 stagnant=0
[rotation-search] site=model.encoder.layers.5.self_attn generation=7/8 best_nmse=0.022959 stagnant=1
[rotation-search] site=model.encoder.layers.5.self_attn generation=8/8 best_nmse=0.022959 stagnant=2
[rotation-search] site=model.encoder.layers.5.self_attn committed_nmse=0.022959
[rotation-search] site=model.encoder.layers.6.self_attn start population=6
[rotation-search] site=model.encoder.layers.6.self_attn generation=1/8 best_nmse=0.029688 stagnant=0
[rotation-search] site=model.encoder.layers.6.self_attn generation=2/8 best_nmse=0.029688 stagnant=1
[rotation-search] site=model.encoder.layers.6.self_attn generation=3/8 best_nmse=0.029688 stagnant=2
[rotation-search] site=model.encoder.layers.6.self_attn generation=4/8 best_nmse=0.029666 stagnant=0
[rotation-search] site=model.encoder.layers.6.self_attn generation=5/8 best_nmse=0.029662 stagnant=0
[rotation-search] site=model.encoder.layers.6.self_attn generation=6/8 best_nmse=0.029662 stagnant=1
[rotation-search] site=model.encoder.layers.6.self_attn generation=7/8 best_nmse=0.029662 stagnant=2
[rotation-search] site=model.encoder.layers.6.self_attn generation=8/8 best_nmse=0.029662 stagnant=3
[rotation-search] site=model.encoder.layers.6.self_attn committed_nmse=0.029662
[rotation-search] site=model.encoder.layers.7.self_attn start population=6
[rotation-search] site=model.encoder.layers.7.self_attn generation=1/8 best_nmse=0.016694 stagnant=0
[rotation-search] site=model.encoder.layers.7.self_attn generation=2/8 best_nmse=0.016682 stagnant=0
[rotation-search] site=model.encoder.layers.7.self_attn generation=3/8 best_nmse=0.016679 stagnant=0
[rotation-search] site=model.encoder.layers.7.self_attn generation=4/8 best_nmse=0.016679 stagnant=1
[rotation-search] site=model.encoder.layers.7.self_attn generation=5/8 best_nmse=0.016633 stagnant=0
[rotation-search] site=model.encoder.layers.7.self_attn generation=6/8 best_nmse=0.016584 stagnant=0
[rotation-search] site=model.encoder.layers.7.self_attn generation=7/8 best_nmse=0.016570 stagnant=0
[rotation-search] site=model.encoder.layers.7.self_attn generation=8/8 best_nmse=0.016570 stagnant=1
[rotation-search] site=model.encoder.layers.7.self_attn committed_nmse=0.016570
[rotation-search] site=model.encoder.layers.8.self_attn start population=6
[rotation-search] site=model.encoder.layers.8.self_attn generation=1/8 best_nmse=0.005453 stagnant=0
[rotation-search] site=model.encoder.layers.8.self_attn generation=2/8 best_nmse=0.005453 stagnant=1
[rotation-search] site=model.encoder.layers.8.self_attn generation=3/8 best_nmse=0.005436 stagnant=0
[rotation-search] site=model.encoder.layers.8.self_attn generation=4/8 best_nmse=0.005408 stagnant=0
[rotation-search] site=model.encoder.layers.8.self_attn generation=5/8 best_nmse=0.005408 stagnant=1
[rotation-search] site=model.encoder.layers.8.self_attn generation=6/8 best_nmse=0.005368 stagnant=0
[rotation-search] site=model.encoder.layers.8.self_attn generation=7/8 best_nmse=0.005365 stagnant=0
[rotation-search] site=model.encoder.layers.8.self_attn generation=8/8 best_nmse=0.005365 stagnant=1
[rotation-search] site=model.encoder.layers.8.self_attn committed_nmse=0.005365
[rotation-search] site=model.encoder.layers.9.self_attn start population=6
[rotation-search] site=model.encoder.layers.9.self_attn generation=1/8 best_nmse=0.003980 stagnant=0
[rotation-search] site=model.encoder.layers.9.self_attn generation=2/8 best_nmse=0.003980 stagnant=1
[rotation-search] site=model.encoder.layers.9.self_attn generation=3/8 best_nmse=0.003875 stagnant=0
[rotation-search] site=model.encoder.layers.9.self_attn generation=4/8 best_nmse=0.003875 stagnant=1
[rotation-search] site=model.encoder.layers.9.self_attn generation=5/8 best_nmse=0.003875 stagnant=2
[rotation-search] site=model.encoder.layers.9.self_attn generation=6/8 best_nmse=0.003838 stagnant=0
[rotation-search] site=model.encoder.layers.9.self_attn generation=7/8 best_nmse=0.003834 stagnant=0
[rotation-search] site=model.encoder.layers.9.self_attn generation=8/8 best_nmse=0.003834 stagnant=1
[rotation-search] site=model.encoder.layers.9.self_attn committed_nmse=0.003834
[rotation-search] site=model.encoder.layers.10.self_attn start population=6
[rotation-search] site=model.encoder.layers.10.self_attn generation=1/8 best_nmse=0.004814 stagnant=0
[rotation-search] site=model.encoder.layers.10.self_attn generation=2/8 best_nmse=0.004785 stagnant=0
[rotation-search] site=model.encoder.layers.10.self_attn generation=3/8 best_nmse=0.004785 stagnant=1
[rotation-search] site=model.encoder.layers.10.self_attn generation=4/8 best_nmse=0.004763 stagnant=0
[rotation-search] site=model.encoder.layers.10.self_attn generation=5/8 best_nmse=0.004763 stagnant=1
[rotation-search] site=model.encoder.layers.10.self_attn generation=6/8 best_nmse=0.004763 stagnant=2
[rotation-search] site=model.encoder.layers.10.self_attn generation=7/8 best_nmse=0.004763 stagnant=3
[rotation-search] site=model.encoder.layers.10.self_attn generation=8/8 best_nmse=0.004763 stagnant=4
[rotation-search] site=model.encoder.layers.10.self_attn early-stop patience=4
[rotation-search] site=model.encoder.layers.10.self_attn committed_nmse=0.004763
[rotation-search] site=model.encoder.layers.11.self_attn start population=6
[rotation-search] site=model.encoder.layers.11.self_attn generation=1/8 best_nmse=0.008623 stagnant=0
[rotation-search] site=model.encoder.layers.11.self_attn generation=2/8 best_nmse=0.008623 stagnant=1
[rotation-search] site=model.encoder.layers.11.self_attn generation=3/8 best_nmse=0.008623 stagnant=2
[rotation-search] site=model.encoder.layers.11.self_attn generation=4/8 best_nmse=0.008621 stagnant=0
[rotation-search] site=model.encoder.layers.11.self_attn generation=5/8 best_nmse=0.008621 stagnant=1
[rotation-search] site=model.encoder.layers.11.self_attn generation=6/8 best_nmse=0.008543 stagnant=0
[rotation-search] site=model.encoder.layers.11.self_attn generation=7/8 best_nmse=0.008543 stagnant=1
[rotation-search] site=model.encoder.layers.11.self_attn generation=8/8 best_nmse=0.008543 stagnant=2
[rotation-search] site=model.encoder.layers.11.self_attn committed_nmse=0.008543
[rotation-search] site=model.encoder.layers.12.self_attn start population=6
[rotation-search] site=model.encoder.layers.12.self_attn generation=1/8 best_nmse=0.004776 stagnant=0
[rotation-search] site=model.encoder.layers.12.self_attn generation=2/8 best_nmse=0.004754 stagnant=0
[rotation-search] site=model.encoder.layers.12.self_attn generation=3/8 best_nmse=0.004754 stagnant=1
[rotation-search] site=model.encoder.layers.12.self_attn generation=4/8 best_nmse=0.004754 stagnant=2
[rotation-search] site=model.encoder.layers.12.self_attn generation=5/8 best_nmse=0.004754 stagnant=3
[rotation-search] site=model.encoder.layers.12.self_attn generation=6/8 best_nmse=0.004750 stagnant=0
[rotation-search] site=model.encoder.layers.12.self_attn generation=7/8 best_nmse=0.004750 stagnant=1
[rotation-search] site=model.encoder.layers.12.self_attn generation=8/8 best_nmse=0.004750 stagnant=2
[rotation-search] site=model.encoder.layers.12.self_attn committed_nmse=0.004750
[rotation-search] site=model.encoder.layers.13.self_attn start population=6
[rotation-search] site=model.encoder.layers.13.self_attn generation=1/8 best_nmse=0.004731 stagnant=0
[rotation-search] site=model.encoder.layers.13.self_attn generation=2/8 best_nmse=0.004731 stagnant=1
[rotation-search] site=model.encoder.layers.13.self_attn generation=3/8 best_nmse=0.004661 stagnant=0
[rotation-search] site=model.encoder.layers.13.self_attn generation=4/8 best_nmse=0.004661 stagnant=1
[rotation-search] site=model.encoder.layers.13.self_attn generation=5/8 best_nmse=0.004645 stagnant=0
[rotation-search] site=model.encoder.layers.13.self_attn generation=6/8 best_nmse=0.004645 stagnant=1
[rotation-search] site=model.encoder.layers.13.self_attn generation=7/8 best_nmse=0.004613 stagnant=0
[rotation-search] site=model.encoder.layers.13.self_attn generation=8/8 best_nmse=0.004613 stagnant=1
[rotation-search] site=model.encoder.layers.13.self_attn committed_nmse=0.004613
[rotation-search] site=model.encoder.layers.14.self_attn start population=6
[rotation-search] site=model.encoder.layers.14.self_attn generation=1/8 best_nmse=0.019821 stagnant=0
[rotation-search] site=model.encoder.layers.14.self_attn generation=2/8 best_nmse=0.019821 stagnant=1
[rotation-search] site=model.encoder.layers.14.self_attn generation=3/8 best_nmse=0.019821 stagnant=2
[rotation-search] site=model.encoder.layers.14.self_attn generation=4/8 best_nmse=0.019803 stagnant=0
[rotation-search] site=model.encoder.layers.14.self_attn generation=5/8 best_nmse=0.019803 stagnant=1
[rotation-search] site=model.encoder.layers.14.self_attn generation=6/8 best_nmse=0.019803 stagnant=2
[rotation-search] site=model.encoder.layers.14.self_attn generation=7/8 best_nmse=0.019775 stagnant=0
[rotation-search] site=model.encoder.layers.14.self_attn generation=8/8 best_nmse=0.019742 stagnant=0
[rotation-search] site=model.encoder.layers.14.self_attn committed_nmse=0.019742
[rotation-search] site=model.encoder.layers.15.self_attn start population=6
[rotation-search] site=model.encoder.layers.15.self_attn generation=1/8 best_nmse=0.003496 stagnant=0
[rotation-search] site=model.encoder.layers.15.self_attn generation=2/8 best_nmse=0.003496 stagnant=1
[rotation-search] site=model.encoder.layers.15.self_attn generation=3/8 best_nmse=0.003496 stagnant=2
[rotation-search] site=model.encoder.layers.15.self_attn generation=4/8 best_nmse=0.003457 stagnant=0
[rotation-search] site=model.encoder.layers.15.self_attn generation=5/8 best_nmse=0.003457 stagnant=1
[rotation-search] site=model.encoder.layers.15.self_attn generation=6/8 best_nmse=0.003457 stagnant=2
[rotation-search] site=model.encoder.layers.15.self_attn generation=7/8 best_nmse=0.003457 stagnant=3
[rotation-search] site=model.encoder.layers.15.self_attn generation=8/8 best_nmse=0.003457 stagnant=4
[rotation-search] site=model.encoder.layers.15.self_attn early-stop patience=4
[rotation-search] site=model.encoder.layers.15.self_attn committed_nmse=0.003457
[rotation-search] site=model.encoder.layers.16.self_attn start population=6
[rotation-search] site=model.encoder.layers.16.self_attn generation=1/8 best_nmse=0.003265 stagnant=0
[rotation-search] site=model.encoder.layers.16.self_attn generation=2/8 best_nmse=0.003259 stagnant=0
[rotation-search] site=model.encoder.layers.16.self_attn generation=3/8 best_nmse=0.003259 stagnant=1
[rotation-search] site=model.encoder.layers.16.self_attn generation=4/8 best_nmse=0.003259 stagnant=2
[rotation-search] site=model.encoder.layers.16.self_attn generation=5/8 best_nmse=0.003252 stagnant=0
[rotation-search] site=model.encoder.layers.16.self_attn generation=6/8 best_nmse=0.003252 stagnant=0
[rotation-search] site=model.encoder.layers.16.self_attn generation=7/8 best_nmse=0.003252 stagnant=0
[rotation-search] site=model.encoder.layers.16.self_attn generation=8/8 best_nmse=0.003252 stagnant=1
[rotation-search] site=model.encoder.layers.16.self_attn committed_nmse=0.003252
[rotation-search] site=model.encoder.layers.17.self_attn start population=6
[rotation-search] site=model.encoder.layers.17.self_attn generation=1/8 best_nmse=0.014532 stagnant=0
[rotation-search] site=model.encoder.layers.17.self_attn generation=2/8 best_nmse=0.014414 stagnant=0
[rotation-search] site=model.encoder.layers.17.self_attn generation=3/8 best_nmse=0.014414 stagnant=1
[rotation-search] site=model.encoder.layers.17.self_attn generation=4/8 best_nmse=0.014386 stagnant=0
[rotation-search] site=model.encoder.layers.17.self_attn generation=5/8 best_nmse=0.014386 stagnant=1
[rotation-search] site=model.encoder.layers.17.self_attn generation=6/8 best_nmse=0.014386 stagnant=2
[rotation-search] site=model.encoder.layers.17.self_attn generation=7/8 best_nmse=0.014386 stagnant=3
[rotation-search] site=model.encoder.layers.17.self_attn generation=8/8 best_nmse=0.014386 stagnant=4
[rotation-search] site=model.encoder.layers.17.self_attn early-stop patience=4
[rotation-search] site=model.encoder.layers.17.self_attn committed_nmse=0.014386
[rotation-search] site=model.encoder.layers.18.self_attn start population=6
[rotation-search] site=model.encoder.layers.18.self_attn generation=1/8 best_nmse=0.022233 stagnant=0
[rotation-search] site=model.encoder.layers.18.self_attn generation=2/8 best_nmse=0.022202 stagnant=0
[rotation-search] site=model.encoder.layers.18.self_attn generation=3/8 best_nmse=0.022202 stagnant=1
[rotation-search] site=model.encoder.layers.18.self_attn generation=4/8 best_nmse=0.022184 stagnant=0
[rotation-search] site=model.encoder.layers.18.self_attn generation=5/8 best_nmse=0.022078 stagnant=0
[rotation-search] site=model.encoder.layers.18.self_attn generation=6/8 best_nmse=0.022078 stagnant=1
[rotation-search] site=model.encoder.layers.18.self_attn generation=7/8 best_nmse=0.022078 stagnant=2
[rotation-search] site=model.encoder.layers.18.self_attn generation=8/8 best_nmse=0.022078 stagnant=3
[rotation-search] site=model.encoder.layers.18.self_attn committed_nmse=0.022078
[rotation-search] site=model.encoder.layers.19.self_attn start population=6
[rotation-search] site=model.encoder.layers.19.self_attn generation=1/8 best_nmse=0.073767 stagnant=0
[rotation-search] site=model.encoder.layers.19.self_attn generation=2/8 best_nmse=0.073707 stagnant=0
[rotation-search] site=model.encoder.layers.19.self_attn generation=3/8 best_nmse=0.073667 stagnant=0
[rotation-search] site=model.encoder.layers.19.self_attn generation=4/8 best_nmse=0.073663 stagnant=0
[rotation-search] site=model.encoder.layers.19.self_attn generation=5/8 best_nmse=0.073663 stagnant=1
[rotation-search] site=model.encoder.layers.19.self_attn generation=6/8 best_nmse=0.073611 stagnant=0
[rotation-search] site=model.encoder.layers.19.self_attn generation=7/8 best_nmse=0.073581 stagnant=0
[rotation-search] site=model.encoder.layers.19.self_attn generation=8/8 best_nmse=0.073581 stagnant=1
[rotation-search] site=model.encoder.layers.19.self_attn committed_nmse=0.073581
[rotation-search] site=model.encoder.layers.20.self_attn start population=6
[rotation-search] site=model.encoder.layers.20.self_attn generation=1/8 best_nmse=0.003752 stagnant=0
[rotation-search] site=model.encoder.layers.20.self_attn generation=2/8 best_nmse=0.003752 stagnant=1
[rotation-search] site=model.encoder.layers.20.self_attn generation=3/8 best_nmse=0.003752 stagnant=2
[rotation-search] site=model.encoder.layers.20.self_attn generation=4/8 best_nmse=0.003749 stagnant=0
[rotation-search] site=model.encoder.layers.20.self_attn generation=5/8 best_nmse=0.003747 stagnant=0
[rotation-search] site=model.encoder.layers.20.self_attn generation=6/8 best_nmse=0.003747 stagnant=1
[rotation-search] site=model.encoder.layers.20.self_attn generation=7/8 best_nmse=0.003747 stagnant=2
[rotation-search] site=model.encoder.layers.20.self_attn generation=8/8 best_nmse=0.003727 stagnant=0
[rotation-search] site=model.encoder.layers.20.self_attn committed_nmse=0.003727
[rotation-search] site=model.encoder.layers.21.self_attn start population=6
[rotation-search] site=model.encoder.layers.21.self_attn generation=1/8 best_nmse=0.000016 stagnant=0
[rotation-search] site=model.encoder.layers.21.self_attn generation=2/8 best_nmse=0.000016 stagnant=0
[rotation-search] site=model.encoder.layers.21.self_attn generation=3/8 best_nmse=0.000016 stagnant=0
[rotation-search] site=model.encoder.layers.21.self_attn generation=4/8 best_nmse=0.000016 stagnant=0
[rotation-search] site=model.encoder.layers.21.self_attn generation=5/8 best_nmse=0.000016 stagnant=1
[rotation-search] site=model.encoder.layers.21.self_attn generation=6/8 best_nmse=0.000016 stagnant=2
[rotation-search] site=model.encoder.layers.21.self_attn generation=7/8 best_nmse=0.000016 stagnant=3
[rotation-search] site=model.encoder.layers.21.self_attn generation=8/8 best_nmse=0.000016 stagnant=4
[rotation-search] site=model.encoder.layers.21.self_attn early-stop patience=4
[rotation-search] site=model.encoder.layers.21.self_attn committed_nmse=0.000016
[rotation-search] site=model.encoder.layers.22.self_attn start population=6
[rotation-search] site=model.encoder.layers.22.self_attn generation=1/8 best_nmse=0.000232 stagnant=0
[rotation-search] site=model.encoder.layers.22.self_attn generation=2/8 best_nmse=0.000231 stagnant=0
[rotation-search] site=model.encoder.layers.22.self_attn generation=3/8 best_nmse=0.000231 stagnant=0
[rotation-search] site=model.encoder.layers.22.self_attn generation=4/8 best_nmse=0.000231 stagnant=1
[rotation-search] site=model.encoder.layers.22.self_attn generation=5/8 best_nmse=0.000231 stagnant=2
[rotation-search] site=model.encoder.layers.22.self_attn generation=6/8 best_nmse=0.000231 stagnant=3
[rotation-search] site=model.encoder.layers.22.self_attn generation=7/8 best_nmse=0.000231 stagnant=0
[rotation-search] site=model.encoder.layers.22.self_attn generation=8/8 best_nmse=0.000231 stagnant=1
[rotation-search] site=model.encoder.layers.22.self_attn committed_nmse=0.000231
[rotation-search] site=model.encoder.layers.23.self_attn start population=6
[rotation-search] site=model.encoder.layers.23.self_attn generation=1/8 best_nmse=0.000014 stagnant=0
[rotation-search] site=model.encoder.layers.23.self_attn generation=2/8 best_nmse=0.000014 stagnant=0
[rotation-search] site=model.encoder.layers.23.self_attn generation=3/8 best_nmse=0.000014 stagnant=0
[rotation-search] site=model.encoder.layers.23.self_attn generation=4/8 best_nmse=0.000014 stagnant=0
[rotation-search] site=model.encoder.layers.23.self_attn generation=5/8 best_nmse=0.000014 stagnant=1
[rotation-search] site=model.encoder.layers.23.self_attn generation=6/8 best_nmse=0.000014 stagnant=2
[rotation-search] site=model.encoder.layers.23.self_attn generation=7/8 best_nmse=0.000014 stagnant=0
[rotation-search] site=model.encoder.layers.23.self_attn generation=8/8 best_nmse=0.000014 stagnant=1
[rotation-search] site=model.encoder.layers.23.self_attn committed_nmse=0.000014
[rotation-search] site=model.encoder.layers.24.self_attn start population=6
[rotation-search] site=model.encoder.layers.24.self_attn generation=1/8 best_nmse=0.000064 stagnant=0
[rotation-search] site=model.encoder.layers.24.self_attn generation=2/8 best_nmse=0.000064 stagnant=1
[rotation-search] site=model.encoder.layers.24.self_attn generation=3/8 best_nmse=0.000064 stagnant=0
[rotation-search] site=model.encoder.layers.24.self_attn generation=4/8 best_nmse=0.000064 stagnant=0
[rotation-search] site=model.encoder.layers.24.self_attn generation=5/8 best_nmse=0.000064 stagnant=1
[rotation-search] site=model.encoder.layers.24.self_attn generation=6/8 best_nmse=0.000064 stagnant=2
[rotation-search] site=model.encoder.layers.24.self_attn generation=7/8 best_nmse=0.000064 stagnant=3
[rotation-search] site=model.encoder.layers.24.self_attn generation=8/8 best_nmse=0.000064 stagnant=4
[rotation-search] site=model.encoder.layers.24.self_attn early-stop patience=4
[rotation-search] site=model.encoder.layers.24.self_attn committed_nmse=0.000064
[rotation-search] site=model.encoder.layers.25.self_attn start population=6
[rotation-search] site=model.encoder.layers.25.self_attn generation=1/8 best_nmse=0.000018 stagnant=0
[rotation-search] site=model.encoder.layers.25.self_attn generation=2/8 best_nmse=0.000018 stagnant=1
[rotation-search] site=model.encoder.layers.25.self_attn generation=3/8 best_nmse=0.000018 stagnant=0
[rotation-search] site=model.encoder.layers.25.self_attn generation=4/8 best_nmse=0.000018 stagnant=0
[rotation-search] site=model.encoder.layers.25.self_attn generation=5/8 best_nmse=0.000018 stagnant=0
[rotation-search] site=model.encoder.layers.25.self_attn generation=6/8 best_nmse=0.000018 stagnant=1
[rotation-search] site=model.encoder.layers.25.self_attn generation=7/8 best_nmse=0.000018 stagnant=0
[rotation-search] site=model.encoder.layers.25.self_attn generation=8/8 best_nmse=0.000018 stagnant=1
[rotation-search] site=model.encoder.layers.25.self_attn committed_nmse=0.000018
[rotation-search] site=model.encoder.layers.26.self_attn start population=6
[rotation-search] site=model.encoder.layers.26.self_attn generation=1/8 best_nmse=0.000187 stagnant=0
[rotation-search] site=model.encoder.layers.26.self_attn generation=2/8 best_nmse=0.000187 stagnant=0
[rotation-search] site=model.encoder.layers.26.self_attn generation=3/8 best_nmse=0.000185 stagnant=0
[rotation-search] site=model.encoder.layers.26.self_attn generation=4/8 best_nmse=0.000185 stagnant=0
[rotation-search] site=model.encoder.layers.26.self_attn generation=5/8 best_nmse=0.000185 stagnant=1
[rotation-search] site=model.encoder.layers.26.self_attn generation=6/8 best_nmse=0.000185 stagnant=0
[rotation-search] site=model.encoder.layers.26.self_attn generation=7/8 best_nmse=0.000184 stagnant=0
[rotation-search] site=model.encoder.layers.26.self_attn generation=8/8 best_nmse=0.000184 stagnant=1
[rotation-search] site=model.encoder.layers.26.self_attn committed_nmse=0.000184
[rotation-search] site=model.encoder.layers.27.self_attn start population=6
[rotation-search] site=model.encoder.layers.27.self_attn generation=1/8 best_nmse=0.001397 stagnant=0
[rotation-search] site=model.encoder.layers.27.self_attn generation=2/8 best_nmse=0.001397 stagnant=0
[rotation-search] site=model.encoder.layers.27.self_attn generation=3/8 best_nmse=0.001397 stagnant=1
[rotation-search] site=model.encoder.layers.27.self_attn generation=4/8 best_nmse=0.001397 stagnant=2
[rotation-search] site=model.encoder.layers.27.self_attn generation=5/8 best_nmse=0.001397 stagnant=3
[rotation-search] site=model.encoder.layers.27.self_attn generation=6/8 best_nmse=0.001391 stagnant=0
[rotation-search] site=model.encoder.layers.27.self_attn generation=7/8 best_nmse=0.001391 stagnant=1
[rotation-search] site=model.encoder.layers.27.self_attn generation=8/8 best_nmse=0.001391 stagnant=2
[rotation-search] site=model.encoder.layers.27.self_attn committed_nmse=0.001391
[rotation-search] site=model.encoder.layers.28.self_attn start population=6
[rotation-search] site=model.encoder.layers.28.self_attn generation=1/8 best_nmse=0.000352 stagnant=0
[rotation-search] site=model.encoder.layers.28.self_attn generation=2/8 best_nmse=0.000352 stagnant=0
[rotation-search] site=model.encoder.layers.28.self_attn generation=3/8 best_nmse=0.000346 stagnant=0
[rotation-search] site=model.encoder.layers.28.self_attn generation=4/8 best_nmse=0.000346 stagnant=0
[rotation-search] site=model.encoder.layers.28.self_attn generation=5/8 best_nmse=0.000346 stagnant=1
[rotation-search] site=model.encoder.layers.28.self_attn generation=6/8 best_nmse=0.000344 stagnant=0
[rotation-search] site=model.encoder.layers.28.self_attn generation=7/8 best_nmse=0.000344 stagnant=0
[rotation-search] site=model.encoder.layers.28.self_attn generation=8/8 best_nmse=0.000344 stagnant=0
[rotation-search] site=model.encoder.layers.28.self_attn committed_nmse=0.000344
[rotation-search] site=model.encoder.layers.29.self_attn start population=6
[rotation-search] site=model.encoder.layers.29.self_attn generation=1/8 best_nmse=0.000342 stagnant=0
[rotation-search] site=model.encoder.layers.29.self_attn generation=2/8 best_nmse=0.000340 stagnant=0
[rotation-search] site=model.encoder.layers.29.self_attn generation=3/8 best_nmse=0.000340 stagnant=1
[rotation-search] site=model.encoder.layers.29.self_attn generation=4/8 best_nmse=0.000340 stagnant=2
[rotation-search] site=model.encoder.layers.29.self_attn generation=5/8 best_nmse=0.000340 stagnant=3
[rotation-search] site=model.encoder.layers.29.self_attn generation=6/8 best_nmse=0.000340 stagnant=0
[rotation-search] site=model.encoder.layers.29.self_attn generation=7/8 best_nmse=0.000339 stagnant=0
[rotation-search] site=model.encoder.layers.29.self_attn generation=8/8 best_nmse=0.000338 stagnant=0
[rotation-search] site=model.encoder.layers.29.self_attn committed_nmse=0.000338
[rotation-search] site=model.encoder.layers.30.self_attn start population=6
[rotation-search] site=model.encoder.layers.30.self_attn generation=1/8 best_nmse=0.000159 stagnant=0
[rotation-search] site=model.encoder.layers.30.self_attn generation=2/8 best_nmse=0.000159 stagnant=1
[rotation-search] site=model.encoder.layers.30.self_attn generation=3/8 best_nmse=0.000159 stagnant=0
[rotation-search] site=model.encoder.layers.30.self_attn generation=4/8 best_nmse=0.000159 stagnant=1
[rotation-search] site=model.encoder.layers.30.self_attn generation=5/8 best_nmse=0.000159 stagnant=0
[rotation-search] site=model.encoder.layers.30.self_attn generation=6/8 best_nmse=0.000159 stagnant=0
[rotation-search] site=model.encoder.layers.30.self_attn generation=7/8 best_nmse=0.000159 stagnant=1
[rotation-search] site=model.encoder.layers.30.self_attn generation=8/8 best_nmse=0.000159 stagnant=0
[rotation-search] site=model.encoder.layers.30.self_attn committed_nmse=0.000159
[rotation-search] site=model.encoder.layers.31.self_attn start population=6
[rotation-search] site=model.encoder.layers.31.self_attn generation=1/8 best_nmse=0.000236 stagnant=0
[rotation-search] site=model.encoder.layers.31.self_attn generation=2/8 best_nmse=0.000235 stagnant=0
[rotation-search] site=model.encoder.layers.31.self_attn generation=3/8 best_nmse=0.000234 stagnant=0
[rotation-search] site=model.encoder.layers.31.self_attn generation=4/8 best_nmse=0.000234 stagnant=1
[rotation-search] site=model.encoder.layers.31.self_attn generation=5/8 best_nmse=0.000234 stagnant=2
[rotation-search] site=model.encoder.layers.31.self_attn generation=6/8 best_nmse=0.000234 stagnant=3
[rotation-search] site=model.encoder.layers.31.self_attn generation=7/8 best_nmse=0.000234 stagnant=0
[rotation-search] site=model.encoder.layers.31.self_attn generation=8/8 best_nmse=0.000234 stagnant=0
[rotation-search] site=model.encoder.layers.31.self_attn committed_nmse=0.000234
[rotation-search] site=model.decoder.layers.0.self_attn start population=6
[rotation-search] site=model.decoder.layers.0.self_attn generation=1/8 best_nmse=0.044735 stagnant=0
[rotation-search] site=model.decoder.layers.0.self_attn generation=2/8 best_nmse=0.044735 stagnant=1
[rotation-search] site=model.decoder.layers.0.self_attn generation=3/8 best_nmse=0.044735 stagnant=2
[rotation-search] site=model.decoder.layers.0.self_attn generation=4/8 best_nmse=0.044735 stagnant=3
[rotation-search] site=model.decoder.layers.0.self_attn generation=5/8 best_nmse=0.044735 stagnant=4
[rotation-search] site=model.decoder.layers.0.self_attn early-stop patience=4
[rotation-search] site=model.decoder.layers.0.self_attn committed_nmse=0.044735
[rotation-search] site=model.decoder.layers.0.encoder_attn start population=6
[rotation-search] site=model.decoder.layers.0.encoder_attn generation=1/8 best_nmse=0.042405 stagnant=0
[rotation-search] site=model.decoder.layers.0.encoder_attn generation=2/8 best_nmse=0.042113 stagnant=0
[rotation-search] site=model.decoder.layers.0.encoder_attn generation=3/8 best_nmse=0.042113 stagnant=1
[rotation-search] site=model.decoder.layers.0.encoder_attn generation=4/8 best_nmse=0.042113 stagnant=2
[rotation-search] site=model.decoder.layers.0.encoder_attn generation=5/8 best_nmse=0.042113 stagnant=3
[rotation-search] site=model.decoder.layers.0.encoder_attn generation=6/8 best_nmse=0.042063 stagnant=0
[rotation-search] site=model.decoder.layers.0.encoder_attn generation=7/8 best_nmse=0.041945 stagnant=0
[rotation-search] site=model.decoder.layers.0.encoder_attn generation=8/8 best_nmse=0.041945 stagnant=1
[rotation-search] site=model.decoder.layers.0.encoder_attn committed_nmse=0.041945
[rotation-search] site=model.decoder.layers.1.self_attn start population=6
[rotation-search] site=model.decoder.layers.1.self_attn generation=1/8 best_nmse=0.010757 stagnant=0
[rotation-search] site=model.decoder.layers.1.self_attn generation=2/8 best_nmse=0.010751 stagnant=0
[rotation-search] site=model.decoder.layers.1.self_attn generation=3/8 best_nmse=0.010751 stagnant=1
[rotation-search] site=model.decoder.layers.1.self_attn generation=4/8 best_nmse=0.010751 stagnant=2
[rotation-search] site=model.decoder.layers.1.self_attn generation=5/8 best_nmse=0.010751 stagnant=3
[rotation-search] site=model.decoder.layers.1.self_attn generation=6/8 best_nmse=0.010734 stagnant=0
[rotation-search] site=model.decoder.layers.1.self_attn generation=7/8 best_nmse=0.010734 stagnant=1
[rotation-search] site=model.decoder.layers.1.self_attn generation=8/8 best_nmse=0.010713 stagnant=0
[rotation-search] site=model.decoder.layers.1.self_attn committed_nmse=0.010713
[rotation-search] site=model.decoder.layers.1.encoder_attn start population=6
[rotation-search] site=model.decoder.layers.1.encoder_attn generation=1/8 best_nmse=0.010081 stagnant=0
[rotation-search] site=model.decoder.layers.1.encoder_attn generation=2/8 best_nmse=0.009828 stagnant=0
[rotation-search] site=model.decoder.layers.1.encoder_attn generation=3/8 best_nmse=0.009788 stagnant=0
[rotation-search] site=model.decoder.layers.1.encoder_attn generation=4/8 best_nmse=0.009788 stagnant=1
[rotation-search] site=model.decoder.layers.1.encoder_attn generation=5/8 best_nmse=0.009739 stagnant=0
[rotation-search] site=model.decoder.layers.1.encoder_attn generation=6/8 best_nmse=0.009739 stagnant=1
[rotation-search] site=model.decoder.layers.1.encoder_attn generation=7/8 best_nmse=0.009739 stagnant=2
[rotation-search] site=model.decoder.layers.1.encoder_attn generation=8/8 best_nmse=0.009739 stagnant=3
[rotation-search] site=model.decoder.layers.1.encoder_attn committed_nmse=0.009739
[rotation-search] site=model.decoder.layers.2.self_attn start population=6
[rotation-search] site=model.decoder.layers.2.self_attn generation=1/8 best_nmse=0.006453 stagnant=0
[rotation-search] site=model.decoder.layers.2.self_attn generation=2/8 best_nmse=0.006453 stagnant=1
[rotation-search] site=model.decoder.layers.2.self_attn generation=3/8 best_nmse=0.006420 stagnant=0
[rotation-search] site=model.decoder.layers.2.self_attn generation=4/8 best_nmse=0.006420 stagnant=1
[rotation-search] site=model.decoder.layers.2.self_attn generation=5/8 best_nmse=0.006420 stagnant=2
[rotation-search] site=model.decoder.layers.2.self_attn generation=6/8 best_nmse=0.006415 stagnant=0
[rotation-search] site=model.decoder.layers.2.self_attn generation=7/8 best_nmse=0.006415 stagnant=1
[rotation-search] site=model.decoder.layers.2.self_attn generation=8/8 best_nmse=0.006415 stagnant=2
[rotation-search] site=model.decoder.layers.2.self_attn committed_nmse=0.006415
[rotation-search] site=model.decoder.layers.2.encoder_attn start population=6
[rotation-search] site=model.decoder.layers.2.encoder_attn generation=1/8 best_nmse=0.006415 stagnant=0
[rotation-search] site=model.decoder.layers.2.encoder_attn generation=2/8 best_nmse=0.006415 stagnant=1
[rotation-search] site=model.decoder.layers.2.encoder_attn generation=3/8 best_nmse=0.006415 stagnant=2
[rotation-search] site=model.decoder.layers.2.encoder_attn generation=4/8 best_nmse=0.006415 stagnant=3
[rotation-search] site=model.decoder.layers.2.encoder_attn generation=5/8 best_nmse=0.006409 stagnant=0
[rotation-search] site=model.decoder.layers.2.encoder_attn generation=6/8 best_nmse=0.006363 stagnant=0
[rotation-search] site=model.decoder.layers.2.encoder_attn generation=7/8 best_nmse=0.006363 stagnant=1
[rotation-search] site=model.decoder.layers.2.encoder_attn generation=8/8 best_nmse=0.006363 stagnant=2
[rotation-search] site=model.decoder.layers.2.encoder_attn committed_nmse=0.006363
[rotation-search] site=model.decoder.layers.3.self_attn start population=6
[rotation-search] site=model.decoder.layers.3.self_attn generation=1/8 best_nmse=0.006706 stagnant=0
[rotation-search] site=model.decoder.layers.3.self_attn generation=2/8 best_nmse=0.006702 stagnant=0
[rotation-search] site=model.decoder.layers.3.self_attn generation=3/8 best_nmse=0.006702 stagnant=1
[rotation-search] site=model.decoder.layers.3.self_attn generation=4/8 best_nmse=0.006698 stagnant=0
[rotation-search] site=model.decoder.layers.3.self_attn generation=5/8 best_nmse=0.006698 stagnant=1
[rotation-search] site=model.decoder.layers.3.self_attn generation=6/8 best_nmse=0.006698 stagnant=2
[rotation-search] site=model.decoder.layers.3.self_attn generation=7/8 best_nmse=0.006698 stagnant=3
[rotation-search] site=model.decoder.layers.3.self_attn generation=8/8 best_nmse=0.006698 stagnant=4
[rotation-search] site=model.decoder.layers.3.self_attn early-stop patience=4
[rotation-search] site=model.decoder.layers.3.self_attn committed_nmse=0.006698
[rotation-search] site=model.decoder.layers.3.encoder_attn start population=6
[rotation-search] site=model.decoder.layers.3.encoder_attn generation=1/8 best_nmse=0.005848 stagnant=0
[rotation-search] site=model.decoder.layers.3.encoder_attn generation=2/8 best_nmse=0.005795 stagnant=0
[rotation-search] site=model.decoder.layers.3.encoder_attn generation=3/8 best_nmse=0.005448 stagnant=0
[rotation-search] site=model.decoder.layers.3.encoder_attn generation=4/8 best_nmse=0.005448 stagnant=1
[rotation-search] site=model.decoder.layers.3.encoder_attn generation=5/8 best_nmse=0.005434 stagnant=0
[rotation-search] site=model.decoder.layers.3.encoder_attn generation=6/8 best_nmse=0.005431 stagnant=0
[rotation-search] site=model.decoder.layers.3.encoder_attn generation=7/8 best_nmse=0.005431 stagnant=1
[rotation-search] site=model.decoder.layers.3.encoder_attn generation=8/8 best_nmse=0.005427 stagnant=0
[rotation-search] site=model.decoder.layers.3.encoder_attn committed_nmse=0.005427
[rotation-search] site=model.decoder.layers.4.self_attn start population=6
[rotation-search] site=model.decoder.layers.4.self_attn generation=1/8 best_nmse=0.001129 stagnant=0
[rotation-search] site=model.decoder.layers.4.self_attn generation=2/8 best_nmse=0.001129 stagnant=1
[rotation-search] site=model.decoder.layers.4.self_attn generation=3/8 best_nmse=0.001129 stagnant=2
[rotation-search] site=model.decoder.layers.4.self_attn generation=4/8 best_nmse=0.001129 stagnant=3
[rotation-search] site=model.decoder.layers.4.self_attn generation=5/8 best_nmse=0.001129 stagnant=4
[rotation-search] site=model.decoder.layers.4.self_attn early-stop patience=4
[rotation-search] site=model.decoder.layers.4.self_attn committed_nmse=0.001129
[rotation-search] site=model.decoder.layers.4.encoder_attn start population=6
[rotation-search] site=model.decoder.layers.4.encoder_attn generation=1/8 best_nmse=0.001073 stagnant=0
[rotation-search] site=model.decoder.layers.4.encoder_attn generation=2/8 best_nmse=0.001066 stagnant=0
[rotation-search] site=model.decoder.layers.4.encoder_attn generation=3/8 best_nmse=0.001066 stagnant=1
[rotation-search] site=model.decoder.layers.4.encoder_attn generation=4/8 best_nmse=0.001066 stagnant=2
[rotation-search] site=model.decoder.layers.4.encoder_attn generation=5/8 best_nmse=0.001063 stagnant=0
[rotation-search] site=model.decoder.layers.4.encoder_attn generation=6/8 best_nmse=0.001063 stagnant=1
[rotation-search] site=model.decoder.layers.4.encoder_attn generation=7/8 best_nmse=0.001063 stagnant=2
[rotation-search] site=model.decoder.layers.4.encoder_attn generation=8/8 best_nmse=0.001063 stagnant=3
[rotation-search] site=model.decoder.layers.4.encoder_attn committed_nmse=0.001063
[rotation-search] site=model.decoder.layers.5.self_attn start population=6
[rotation-search] site=model.decoder.layers.5.self_attn generation=1/8 best_nmse=0.000503 stagnant=0
[rotation-search] site=model.decoder.layers.5.self_attn generation=2/8 best_nmse=0.000503 stagnant=1
[rotation-search] site=model.decoder.layers.5.self_attn generation=3/8 best_nmse=0.000503 stagnant=2
[rotation-search] site=model.decoder.layers.5.self_attn generation=4/8 best_nmse=0.000502 stagnant=0
[rotation-search] site=model.decoder.layers.5.self_attn generation=5/8 best_nmse=0.000502 stagnant=0
[rotation-search] site=model.decoder.layers.5.self_attn generation=6/8 best_nmse=0.000502 stagnant=1
[rotation-search] site=model.decoder.layers.5.self_attn generation=7/8 best_nmse=0.000502 stagnant=0
[rotation-search] site=model.decoder.layers.5.self_attn generation=8/8 best_nmse=0.000500 stagnant=0
[rotation-search] site=model.decoder.layers.5.self_attn committed_nmse=0.000500
[rotation-search] site=model.decoder.layers.5.encoder_attn start population=6
[rotation-search] site=model.decoder.layers.5.encoder_attn generation=1/8 best_nmse=0.000423 stagnant=0
[rotation-search] site=model.decoder.layers.5.encoder_attn generation=2/8 best_nmse=0.000384 stagnant=0
[rotation-search] site=model.decoder.layers.5.encoder_attn generation=3/8 best_nmse=0.000384 stagnant=1
[rotation-search] site=model.decoder.layers.5.encoder_attn generation=4/8 best_nmse=0.000384 stagnant=2
[rotation-search] site=model.decoder.layers.5.encoder_attn generation=5/8 best_nmse=0.000384 stagnant=3
[rotation-search] site=model.decoder.layers.5.encoder_attn generation=6/8 best_nmse=0.000382 stagnant=0
[rotation-search] site=model.decoder.layers.5.encoder_attn generation=7/8 best_nmse=0.000382 stagnant=1
[rotation-search] site=model.decoder.layers.5.encoder_attn generation=8/8 best_nmse=0.000382 stagnant=2
[rotation-search] site=model.decoder.layers.5.encoder_attn committed_nmse=0.000382
[rotation-search] site=model.decoder.layers.6.self_attn start population=6
[rotation-search] site=model.decoder.layers.6.self_attn generation=1/8 best_nmse=0.000537 stagnant=0
[rotation-search] site=model.decoder.layers.6.self_attn generation=2/8 best_nmse=0.000537 stagnant=1
[rotation-search] site=model.decoder.layers.6.self_attn generation=3/8 best_nmse=0.000537 stagnant=2
[rotation-search] site=model.decoder.layers.6.self_attn generation=4/8 best_nmse=0.000537 stagnant=3
[rotation-search] site=model.decoder.layers.6.self_attn generation=5/8 best_nmse=0.000537 stagnant=0
[rotation-search] site=model.decoder.layers.6.self_attn generation=6/8 best_nmse=0.000537 stagnant=0
[rotation-search] site=model.decoder.layers.6.self_attn generation=7/8 best_nmse=0.000536 stagnant=0
[rotation-search] site=model.decoder.layers.6.self_attn generation=8/8 best_nmse=0.000536 stagnant=1
[rotation-search] site=model.decoder.layers.6.self_attn committed_nmse=0.000536
[rotation-search] site=model.decoder.layers.6.encoder_attn start population=6
[rotation-search] site=model.decoder.layers.6.encoder_attn generation=1/8 best_nmse=0.000534 stagnant=0
[rotation-search] site=model.decoder.layers.6.encoder_attn generation=2/8 best_nmse=0.000532 stagnant=0
[rotation-search] site=model.decoder.layers.6.encoder_attn generation=3/8 best_nmse=0.000532 stagnant=1
[rotation-search] site=model.decoder.layers.6.encoder_attn generation=4/8 best_nmse=0.000531 stagnant=0
[rotation-search] site=model.decoder.layers.6.encoder_attn generation=5/8 best_nmse=0.000531 stagnant=0
[rotation-search] site=model.decoder.layers.6.encoder_attn generation=6/8 best_nmse=0.000502 stagnant=0
[rotation-search] site=model.decoder.layers.6.encoder_attn generation=7/8 best_nmse=0.000499 stagnant=0
[rotation-search] site=model.decoder.layers.6.encoder_attn generation=8/8 best_nmse=0.000499 stagnant=1
[rotation-search] site=model.decoder.layers.6.encoder_attn committed_nmse=0.000499
[rotation-search] site=model.decoder.layers.7.self_attn start population=6
[rotation-search] site=model.decoder.layers.7.self_attn generation=1/8 best_nmse=0.000782 stagnant=0
[rotation-search] site=model.decoder.layers.7.self_attn generation=2/8 best_nmse=0.000776 stagnant=0
[rotation-search] site=model.decoder.layers.7.self_attn generation=3/8 best_nmse=0.000776 stagnant=1
[rotation-search] site=model.decoder.layers.7.self_attn generation=4/8 best_nmse=0.000772 stagnant=0
[rotation-search] site=model.decoder.layers.7.self_attn generation=5/8 best_nmse=0.000772 stagnant=1
[rotation-search] site=model.decoder.layers.7.self_attn generation=6/8 best_nmse=0.000772 stagnant=2
[rotation-search] site=model.decoder.layers.7.self_attn generation=7/8 best_nmse=0.000772 stagnant=3
[rotation-search] site=model.decoder.layers.7.self_attn generation=8/8 best_nmse=0.000772 stagnant=4
[rotation-search] site=model.decoder.layers.7.self_attn early-stop patience=4
[rotation-search] site=model.decoder.layers.7.self_attn committed_nmse=0.000772
[rotation-search] site=model.decoder.layers.7.encoder_attn start population=6
[rotation-search] site=model.decoder.layers.7.encoder_attn generation=1/8 best_nmse=0.000703 stagnant=0
[rotation-search] site=model.decoder.layers.7.encoder_attn generation=2/8 best_nmse=0.000664 stagnant=0
[rotation-search] site=model.decoder.layers.7.encoder_attn generation=3/8 best_nmse=0.000664 stagnant=0
[rotation-search] site=model.decoder.layers.7.encoder_attn generation=4/8 best_nmse=0.000662 stagnant=0
[rotation-search] site=model.decoder.layers.7.encoder_attn generation=5/8 best_nmse=0.000662 stagnant=1
[rotation-search] site=model.decoder.layers.7.encoder_attn generation=6/8 best_nmse=0.000660 stagnant=0
[rotation-search] site=model.decoder.layers.7.encoder_attn generation=7/8 best_nmse=0.000658 stagnant=0
[rotation-search] site=model.decoder.layers.7.encoder_attn generation=8/8 best_nmse=0.000658 stagnant=1
[rotation-search] site=model.decoder.layers.7.encoder_attn committed_nmse=0.000658
[rotation-search] site=model.decoder.layers.8.self_attn start population=6
[rotation-search] site=model.decoder.layers.8.self_attn generation=1/8 best_nmse=0.000398 stagnant=0
[rotation-search] site=model.decoder.layers.8.self_attn generation=2/8 best_nmse=0.000398 stagnant=1
[rotation-search] site=model.decoder.layers.8.self_attn generation=3/8 best_nmse=0.000398 stagnant=2
[rotation-search] site=model.decoder.layers.8.self_attn generation=4/8 best_nmse=0.000398 stagnant=3
[rotation-search] site=model.decoder.layers.8.self_attn generation=5/8 best_nmse=0.000398 stagnant=4
[rotation-search] site=model.decoder.layers.8.self_attn early-stop patience=4
[rotation-search] site=model.decoder.layers.8.self_attn committed_nmse=0.000398
[rotation-search] site=model.decoder.layers.8.encoder_attn start population=6
[rotation-search] site=model.decoder.layers.8.encoder_attn generation=1/8 best_nmse=0.000371 stagnant=0
[rotation-search] site=model.decoder.layers.8.encoder_attn generation=2/8 best_nmse=0.000359 stagnant=0
[rotation-search] site=model.decoder.layers.8.encoder_attn generation=3/8 best_nmse=0.000359 stagnant=1
[rotation-search] site=model.decoder.layers.8.encoder_attn generation=4/8 best_nmse=0.000359 stagnant=2
[rotation-search] site=model.decoder.layers.8.encoder_attn generation=5/8 best_nmse=0.000358 stagnant=0
[rotation-search] site=model.decoder.layers.8.encoder_attn generation=6/8 best_nmse=0.000358 stagnant=1
[rotation-search] site=model.decoder.layers.8.encoder_attn generation=7/8 best_nmse=0.000357 stagnant=0
[rotation-search] site=model.decoder.layers.8.encoder_attn generation=8/8 best_nmse=0.000357 stagnant=1
[rotation-search] site=model.decoder.layers.8.encoder_attn committed_nmse=0.000357
[rotation-search] site=model.decoder.layers.9.self_attn start population=6
[rotation-search] site=model.decoder.layers.9.self_attn generation=1/8 best_nmse=0.000547 stagnant=0
[rotation-search] site=model.decoder.layers.9.self_attn generation=2/8 best_nmse=0.000542 stagnant=0
[rotation-search] site=model.decoder.layers.9.self_attn generation=3/8 best_nmse=0.000536 stagnant=0
[rotation-search] site=model.decoder.layers.9.self_attn generation=4/8 best_nmse=0.000536 stagnant=1
[rotation-search] site=model.decoder.layers.9.self_attn generation=5/8 best_nmse=0.000534 stagnant=0
[rotation-search] site=model.decoder.layers.9.self_attn generation=6/8 best_nmse=0.000534 stagnant=1
[rotation-search] site=model.decoder.layers.9.self_attn generation=7/8 best_nmse=0.000534 stagnant=2
[rotation-search] site=model.decoder.layers.9.self_attn generation=8/8 best_nmse=0.000532 stagnant=0
[rotation-search] site=model.decoder.layers.9.self_attn committed_nmse=0.000532
[rotation-search] site=model.decoder.layers.9.encoder_attn start population=6
[rotation-search] site=model.decoder.layers.9.encoder_attn generation=1/8 best_nmse=0.000532 stagnant=0
[rotation-search] site=model.decoder.layers.9.encoder_attn generation=2/8 best_nmse=0.000532 stagnant=1
[rotation-search] site=model.decoder.layers.9.encoder_attn generation=3/8 best_nmse=0.000530 stagnant=0
[rotation-search] site=model.decoder.layers.9.encoder_attn generation=4/8 best_nmse=0.000530 stagnant=1
[rotation-search] site=model.decoder.layers.9.encoder_attn generation=5/8 best_nmse=0.000530 stagnant=2
[rotation-search] site=model.decoder.layers.9.encoder_attn generation=6/8 best_nmse=0.000530 stagnant=3
[rotation-search] site=model.decoder.layers.9.encoder_attn generation=7/8 best_nmse=0.000530 stagnant=0
[rotation-search] site=model.decoder.layers.9.encoder_attn generation=8/8 best_nmse=0.000530 stagnant=1
[rotation-search] site=model.decoder.layers.9.encoder_attn committed_nmse=0.000530
[rotation-search] site=model.decoder.layers.10.self_attn start population=6
[rotation-search] site=model.decoder.layers.10.self_attn generation=1/8 best_nmse=0.000557 stagnant=0
[rotation-search] site=model.decoder.layers.10.self_attn generation=2/8 best_nmse=0.000557 stagnant=1
[rotation-search] site=model.decoder.layers.10.self_attn generation=3/8 best_nmse=0.000557 stagnant=2
[rotation-search] site=model.decoder.layers.10.self_attn generation=4/8 best_nmse=0.000557 stagnant=3
[rotation-search] site=model.decoder.layers.10.self_attn generation=5/8 best_nmse=0.000555 stagnant=0
[rotation-search] site=model.decoder.layers.10.self_attn generation=6/8 best_nmse=0.000555 stagnant=1
[rotation-search] site=model.decoder.layers.10.self_attn generation=7/8 best_nmse=0.000555 stagnant=2
[rotation-search] site=model.decoder.layers.10.self_attn generation=8/8 best_nmse=0.000552 stagnant=0
[rotation-search] site=model.decoder.layers.10.self_attn committed_nmse=0.000552
[rotation-search] site=model.decoder.layers.10.encoder_attn start population=6
[rotation-search] site=model.decoder.layers.10.encoder_attn generation=1/8 best_nmse=0.000530 stagnant=0
[rotation-search] site=model.decoder.layers.10.encoder_attn generation=2/8 best_nmse=0.000528 stagnant=0
[rotation-search] site=model.decoder.layers.10.encoder_attn generation=3/8 best_nmse=0.000528 stagnant=1
[rotation-search] site=model.decoder.layers.10.encoder_attn generation=4/8 best_nmse=0.000528 stagnant=2
[rotation-search] site=model.decoder.layers.10.encoder_attn generation=5/8 best_nmse=0.000527 stagnant=0
[rotation-search] site=model.decoder.layers.10.encoder_attn generation=6/8 best_nmse=0.000527 stagnant=0
[rotation-search] site=model.decoder.layers.10.encoder_attn generation=7/8 best_nmse=0.000525 stagnant=0
[rotation-search] site=model.decoder.layers.10.encoder_attn generation=8/8 best_nmse=0.000525 stagnant=1
[rotation-search] site=model.decoder.layers.10.encoder_attn committed_nmse=0.000525
[rotation-search] site=model.decoder.layers.11.self_attn start population=6
[rotation-search] site=model.decoder.layers.11.self_attn generation=1/8 best_nmse=0.000597 stagnant=0
[rotation-search] site=model.decoder.layers.11.self_attn generation=2/8 best_nmse=0.000592 stagnant=0
[rotation-search] site=model.decoder.layers.11.self_attn generation=3/8 best_nmse=0.000591 stagnant=0
[rotation-search] site=model.decoder.layers.11.self_attn generation=4/8 best_nmse=0.000582 stagnant=0
[rotation-search] site=model.decoder.layers.11.self_attn generation=5/8 best_nmse=0.000579 stagnant=0
[rotation-search] site=model.decoder.layers.11.self_attn generation=6/8 best_nmse=0.000579 stagnant=1
[rotation-search] site=model.decoder.layers.11.self_attn generation=7/8 best_nmse=0.000579 stagnant=2
[rotation-search] site=model.decoder.layers.11.self_attn generation=8/8 best_nmse=0.000579 stagnant=3
[rotation-search] site=model.decoder.layers.11.self_attn committed_nmse=0.000579
[rotation-search] site=model.decoder.layers.11.encoder_attn start population=6
[rotation-search] site=model.decoder.layers.11.encoder_attn generation=1/8 best_nmse=0.000561 stagnant=0
[rotation-search] site=model.decoder.layers.11.encoder_attn generation=2/8 best_nmse=0.000514 stagnant=0
[rotation-search] site=model.decoder.layers.11.encoder_attn generation=3/8 best_nmse=0.000514 stagnant=0
[rotation-search] site=model.decoder.layers.11.encoder_attn generation=4/8 best_nmse=0.000513 stagnant=0
[rotation-search] site=model.decoder.layers.11.encoder_attn generation=5/8 best_nmse=0.000513 stagnant=1
[rotation-search] site=model.decoder.layers.11.encoder_attn generation=6/8 best_nmse=0.000513 stagnant=0
[rotation-search] site=model.decoder.layers.11.encoder_attn generation=7/8 best_nmse=0.000513 stagnant=1
[rotation-search] site=model.decoder.layers.11.encoder_attn generation=8/8 best_nmse=0.000513 stagnant=2
[rotation-search] site=model.decoder.layers.11.encoder_attn committed_nmse=0.000513
[rotation-search] site=model.decoder.layers.12.self_attn start population=6
[rotation-search] site=model.decoder.layers.12.self_attn generation=1/8 best_nmse=0.000635 stagnant=0
[rotation-search] site=model.decoder.layers.12.self_attn generation=2/8 best_nmse=0.000635 stagnant=1
[rotation-search] site=model.decoder.layers.12.self_attn generation=3/8 best_nmse=0.000633 stagnant=0
[rotation-search] site=model.decoder.layers.12.self_attn generation=4/8 best_nmse=0.000633 stagnant=1
[rotation-search] site=model.decoder.layers.12.self_attn generation=5/8 best_nmse=0.000631 stagnant=0
[rotation-search] site=model.decoder.layers.12.self_attn generation=6/8 best_nmse=0.000631 stagnant=1
[rotation-search] site=model.decoder.layers.12.self_attn generation=7/8 best_nmse=0.000631 stagnant=2
[rotation-search] site=model.decoder.layers.12.self_attn generation=8/8 best_nmse=0.000631 stagnant=3
[rotation-search] site=model.decoder.layers.12.self_attn committed_nmse=0.000631
[rotation-search] site=model.decoder.layers.12.encoder_attn start population=6
[rotation-search] site=model.decoder.layers.12.encoder_attn generation=1/8 best_nmse=0.000607 stagnant=0
[rotation-search] site=model.decoder.layers.12.encoder_attn generation=2/8 best_nmse=0.000607 stagnant=1
[rotation-search] site=model.decoder.layers.12.encoder_attn generation=3/8 best_nmse=0.000604 stagnant=0
[rotation-search] site=model.decoder.layers.12.encoder_attn generation=4/8 best_nmse=0.000596 stagnant=0
[rotation-search] site=model.decoder.layers.12.encoder_attn generation=5/8 best_nmse=0.000596 stagnant=0
[rotation-search] site=model.decoder.layers.12.encoder_attn generation=6/8 best_nmse=0.000596 stagnant=1
[rotation-search] site=model.decoder.layers.12.encoder_attn generation=7/8 best_nmse=0.000596 stagnant=2
[rotation-search] site=model.decoder.layers.12.encoder_attn generation=8/8 best_nmse=0.000596 stagnant=3
[rotation-search] site=model.decoder.layers.12.encoder_attn committed_nmse=0.000596
[rotation-search] site=model.decoder.layers.13.self_attn start population=6
[rotation-search] site=model.decoder.layers.13.self_attn generation=1/8 best_nmse=0.000952 stagnant=0
[rotation-search] site=model.decoder.layers.13.self_attn generation=2/8 best_nmse=0.000952 stagnant=1
[rotation-search] site=model.decoder.layers.13.self_attn generation=3/8 best_nmse=0.000952 stagnant=2
[rotation-search] site=model.decoder.layers.13.self_attn generation=4/8 best_nmse=0.000949 stagnant=0
[rotation-search] site=model.decoder.layers.13.self_attn generation=5/8 best_nmse=0.000949 stagnant=1
[rotation-search] site=model.decoder.layers.13.self_attn generation=6/8 best_nmse=0.000949 stagnant=2
[rotation-search] site=model.decoder.layers.13.self_attn generation=7/8 best_nmse=0.000945 stagnant=0
[rotation-search] site=model.decoder.layers.13.self_attn generation=8/8 best_nmse=0.000945 stagnant=1
[rotation-search] site=model.decoder.layers.13.self_attn committed_nmse=0.000945
[rotation-search] site=model.decoder.layers.13.encoder_attn start population=6
[rotation-search] site=model.decoder.layers.13.encoder_attn generation=1/8 best_nmse=0.000924 stagnant=0
[rotation-search] site=model.decoder.layers.13.encoder_attn generation=2/8 best_nmse=0.000889 stagnant=0
[rotation-search] site=model.decoder.layers.13.encoder_attn generation=3/8 best_nmse=0.000888 stagnant=0
[rotation-search] site=model.decoder.layers.13.encoder_attn generation=4/8 best_nmse=0.000888 stagnant=1
[rotation-search] site=model.decoder.layers.13.encoder_attn generation=5/8 best_nmse=0.000888 stagnant=2
[rotation-search] site=model.decoder.layers.13.encoder_attn generation=6/8 best_nmse=0.000888 stagnant=3
[rotation-search] site=model.decoder.layers.13.encoder_attn generation=7/8 best_nmse=0.000878 stagnant=0
[rotation-search] site=model.decoder.layers.13.encoder_attn generation=8/8 best_nmse=0.000878 stagnant=1
[rotation-search] site=model.decoder.layers.13.encoder_attn committed_nmse=0.000878
[rotation-search] site=model.decoder.layers.14.self_attn start population=6
[rotation-search] site=model.decoder.layers.14.self_attn generation=1/8 best_nmse=0.000809 stagnant=0
[rotation-search] site=model.decoder.layers.14.self_attn generation=2/8 best_nmse=0.000807 stagnant=0
[rotation-search] site=model.decoder.layers.14.self_attn generation=3/8 best_nmse=0.000807 stagnant=1
[rotation-search] site=model.decoder.layers.14.self_attn generation=4/8 best_nmse=0.000807 stagnant=2
[rotation-search] site=model.decoder.layers.14.self_attn generation=5/8 best_nmse=0.000807 stagnant=3
[rotation-search] site=model.decoder.layers.14.self_attn generation=6/8 best_nmse=0.000807 stagnant=0
[rotation-search] site=model.decoder.layers.14.self_attn generation=7/8 best_nmse=0.000803 stagnant=0
[rotation-search] site=model.decoder.layers.14.self_attn generation=8/8 best_nmse=0.000801 stagnant=0
[rotation-search] site=model.decoder.layers.14.self_attn committed_nmse=0.000801
[rotation-search] site=model.decoder.layers.14.encoder_attn start population=6
[rotation-search] site=model.decoder.layers.14.encoder_attn generation=1/8 best_nmse=0.000768 stagnant=0
[rotation-search] site=model.decoder.layers.14.encoder_attn generation=2/8 best_nmse=0.000768 stagnant=1
[rotation-search] site=model.decoder.layers.14.encoder_attn generation=3/8 best_nmse=0.000766 stagnant=0
[rotation-search] site=model.decoder.layers.14.encoder_attn generation=4/8 best_nmse=0.000744 stagnant=0
[rotation-search] site=model.decoder.layers.14.encoder_attn generation=5/8 best_nmse=0.000744 stagnant=1
[rotation-search] site=model.decoder.layers.14.encoder_attn generation=6/8 best_nmse=0.000744 stagnant=2
[rotation-search] site=model.decoder.layers.14.encoder_attn generation=7/8 best_nmse=0.000744 stagnant=3
[rotation-search] site=model.decoder.layers.14.encoder_attn generation=8/8 best_nmse=0.000740 stagnant=0
[rotation-search] site=model.decoder.layers.14.encoder_attn committed_nmse=0.000740
[rotation-search] site=model.decoder.layers.15.self_attn start population=6
[rotation-search] site=model.decoder.layers.15.self_attn generation=1/8 best_nmse=0.000779 stagnant=0
[rotation-search] site=model.decoder.layers.15.self_attn generation=2/8 best_nmse=0.000779 stagnant=1
[rotation-search] site=model.decoder.layers.15.self_attn generation=3/8 best_nmse=0.000779 stagnant=0
[rotation-search] site=model.decoder.layers.15.self_attn generation=4/8 best_nmse=0.000776 stagnant=0
[rotation-search] site=model.decoder.layers.15.self_attn generation=5/8 best_nmse=0.000776 stagnant=1
[rotation-search] site=model.decoder.layers.15.self_attn generation=6/8 best_nmse=0.000766 stagnant=0
[rotation-search] site=model.decoder.layers.15.self_attn generation=7/8 best_nmse=0.000765 stagnant=0
[rotation-search] site=model.decoder.layers.15.self_attn generation=8/8 best_nmse=0.000765 stagnant=0
[rotation-search] site=model.decoder.layers.15.self_attn committed_nmse=0.000765
[rotation-search] site=model.decoder.layers.15.encoder_attn start population=6
[rotation-search] site=model.decoder.layers.15.encoder_attn generation=1/8 best_nmse=0.000765 stagnant=0
[rotation-search] site=model.decoder.layers.15.encoder_attn generation=2/8 best_nmse=0.000765 stagnant=1
[rotation-search] site=model.decoder.layers.15.encoder_attn generation=3/8 best_nmse=0.000764 stagnant=0
[rotation-search] site=model.decoder.layers.15.encoder_attn generation=4/8 best_nmse=0.000764 stagnant=1
[rotation-search] site=model.decoder.layers.15.encoder_attn generation=5/8 best_nmse=0.000763 stagnant=0
[rotation-search] site=model.decoder.layers.15.encoder_attn generation=6/8 best_nmse=0.000763 stagnant=1
[rotation-search] site=model.decoder.layers.15.encoder_attn generation=7/8 best_nmse=0.000763 stagnant=0
[rotation-search] site=model.decoder.layers.15.encoder_attn generation=8/8 best_nmse=0.000763 stagnant=1
[rotation-search] site=model.decoder.layers.15.encoder_attn committed_nmse=0.000763
[rotation-search] site=model.decoder.layers.16.self_attn start population=6
[rotation-search] site=model.decoder.layers.16.self_attn generation=1/8 best_nmse=0.001026 stagnant=0
[rotation-search] site=model.decoder.layers.16.self_attn generation=2/8 best_nmse=0.001026 stagnant=0
[rotation-search] site=model.decoder.layers.16.self_attn generation=3/8 best_nmse=0.001026 stagnant=1
[rotation-search] site=model.decoder.layers.16.self_attn generation=4/8 best_nmse=0.001020 stagnant=0
[rotation-search] site=model.decoder.layers.16.self_attn generation=5/8 best_nmse=0.001020 stagnant=1
[rotation-search] site=model.decoder.layers.16.self_attn generation=6/8 best_nmse=0.001013 stagnant=0
[rotation-search] site=model.decoder.layers.16.self_attn generation=7/8 best_nmse=0.001008 stagnant=0
[rotation-search] site=model.decoder.layers.16.self_attn generation=8/8 best_nmse=0.001008 stagnant=1
[rotation-search] site=model.decoder.layers.16.self_attn committed_nmse=0.001008
[rotation-search] site=model.decoder.layers.16.encoder_attn start population=6
[rotation-search] site=model.decoder.layers.16.encoder_attn generation=1/8 best_nmse=0.000862 stagnant=0
[rotation-search] site=model.decoder.layers.16.encoder_attn generation=2/8 best_nmse=0.000862 stagnant=1
[rotation-search] site=model.decoder.layers.16.encoder_attn generation=3/8 best_nmse=0.000862 stagnant=2
[rotation-search] site=model.decoder.layers.16.encoder_attn generation=4/8 best_nmse=0.000862 stagnant=3
[rotation-search] site=model.decoder.layers.16.encoder_attn generation=5/8 best_nmse=0.000843 stagnant=0
[rotation-search] site=model.decoder.layers.16.encoder_attn generation=6/8 best_nmse=0.000841 stagnant=0
[rotation-search] site=model.decoder.layers.16.encoder_attn generation=7/8 best_nmse=0.000841 stagnant=1
[rotation-search] site=model.decoder.layers.16.encoder_attn generation=8/8 best_nmse=0.000827 stagnant=0
[rotation-search] site=model.decoder.layers.16.encoder_attn committed_nmse=0.000827
[rotation-search] site=model.decoder.layers.17.self_attn start population=6
[rotation-search] site=model.decoder.layers.17.self_attn generation=1/8 best_nmse=0.000776 stagnant=0
[rotation-search] site=model.decoder.layers.17.self_attn generation=2/8 best_nmse=0.000776 stagnant=1
[rotation-search] site=model.decoder.layers.17.self_attn generation=3/8 best_nmse=0.000766 stagnant=0
[rotation-search] site=model.decoder.layers.17.self_attn generation=4/8 best_nmse=0.000766 stagnant=1
[rotation-search] site=model.decoder.layers.17.self_attn generation=5/8 best_nmse=0.000766 stagnant=2
[rotation-search] site=model.decoder.layers.17.self_attn generation=6/8 best_nmse=0.000766 stagnant=3
[rotation-search] site=model.decoder.layers.17.self_attn generation=7/8 best_nmse=0.000766 stagnant=4
[rotation-search] site=model.decoder.layers.17.self_attn early-stop patience=4
[rotation-search] site=model.decoder.layers.17.self_attn committed_nmse=0.000766
[rotation-search] site=model.decoder.layers.17.encoder_attn start population=6
[rotation-search] site=model.decoder.layers.17.encoder_attn generation=1/8 best_nmse=0.000764 stagnant=0
[rotation-search] site=model.decoder.layers.17.encoder_attn generation=2/8 best_nmse=0.000764 stagnant=1
[rotation-search] site=model.decoder.layers.17.encoder_attn generation=3/8 best_nmse=0.000736 stagnant=0
[rotation-search] site=model.decoder.layers.17.encoder_attn generation=4/8 best_nmse=0.000735 stagnant=0
[rotation-search] site=model.decoder.layers.17.encoder_attn generation=5/8 best_nmse=0.000735 stagnant=1
[rotation-search] site=model.decoder.layers.17.encoder_attn generation=6/8 best_nmse=0.000734 stagnant=0
[rotation-search] site=model.decoder.layers.17.encoder_attn generation=7/8 best_nmse=0.000731 stagnant=0
[rotation-search] site=model.decoder.layers.17.encoder_attn generation=8/8 best_nmse=0.000731 stagnant=1
[rotation-search] site=model.decoder.layers.17.encoder_attn committed_nmse=0.000731
[rotation-search] site=model.decoder.layers.18.self_attn start population=6
[rotation-search] site=model.decoder.layers.18.self_attn generation=1/8 best_nmse=0.001011 stagnant=0
[rotation-search] site=model.decoder.layers.18.self_attn generation=2/8 best_nmse=0.000996 stagnant=0
[rotation-search] site=model.decoder.layers.18.self_attn generation=3/8 best_nmse=0.000996 stagnant=1
[rotation-search] site=model.decoder.layers.18.self_attn generation=4/8 best_nmse=0.000996 stagnant=2
[rotation-search] site=model.decoder.layers.18.self_attn generation=5/8 best_nmse=0.000994 stagnant=0
[rotation-search] site=model.decoder.layers.18.self_attn generation=6/8 best_nmse=0.000994 stagnant=1
[rotation-search] site=model.decoder.layers.18.self_attn generation=7/8 best_nmse=0.000988 stagnant=0
[rotation-search] site=model.decoder.layers.18.self_attn generation=8/8 best_nmse=0.000988 stagnant=1
[rotation-search] site=model.decoder.layers.18.self_attn committed_nmse=0.000988
[rotation-search] site=model.decoder.layers.18.encoder_attn start population=6
[rotation-search] site=model.decoder.layers.18.encoder_attn generation=1/8 best_nmse=0.000988 stagnant=0
[rotation-search] site=model.decoder.layers.18.encoder_attn generation=2/8 best_nmse=0.000974 stagnant=0
[rotation-search] site=model.decoder.layers.18.encoder_attn generation=3/8 best_nmse=0.000947 stagnant=0
[rotation-search] site=model.decoder.layers.18.encoder_attn generation=4/8 best_nmse=0.000946 stagnant=0
[rotation-search] site=model.decoder.layers.18.encoder_attn generation=5/8 best_nmse=0.000946 stagnant=1
[rotation-search] site=model.decoder.layers.18.encoder_attn generation=6/8 best_nmse=0.000946 stagnant=0
[rotation-search] site=model.decoder.layers.18.encoder_attn generation=7/8 best_nmse=0.000946 stagnant=1
[rotation-search] site=model.decoder.layers.18.encoder_attn generation=8/8 best_nmse=0.000939 stagnant=0
[rotation-search] site=model.decoder.layers.18.encoder_attn committed_nmse=0.000939
[rotation-search] site=model.decoder.layers.19.self_attn start population=6
[rotation-search] site=model.decoder.layers.19.self_attn generation=1/8 best_nmse=0.001041 stagnant=0
[rotation-search] site=model.decoder.layers.19.self_attn generation=2/8 best_nmse=0.001031 stagnant=0
[rotation-search] site=model.decoder.layers.19.self_attn generation=3/8 best_nmse=0.001031 stagnant=1
[rotation-search] site=model.decoder.layers.19.self_attn generation=4/8 best_nmse=0.001027 stagnant=0
[rotation-search] site=model.decoder.layers.19.self_attn generation=5/8 best_nmse=0.001025 stagnant=0
[rotation-search] site=model.decoder.layers.19.self_attn generation=6/8 best_nmse=0.001025 stagnant=1
[rotation-search] site=model.decoder.layers.19.self_attn generation=7/8 best_nmse=0.001024 stagnant=0
[rotation-search] site=model.decoder.layers.19.self_attn generation=8/8 best_nmse=0.001020 stagnant=0
[rotation-search] site=model.decoder.layers.19.self_attn committed_nmse=0.001020
[rotation-search] site=model.decoder.layers.19.encoder_attn start population=6
[rotation-search] site=model.decoder.layers.19.encoder_attn generation=1/8 best_nmse=0.000971 stagnant=0
[rotation-search] site=model.decoder.layers.19.encoder_attn generation=2/8 best_nmse=0.000969 stagnant=0
[rotation-search] site=model.decoder.layers.19.encoder_attn generation=3/8 best_nmse=0.000925 stagnant=0
[rotation-search] site=model.decoder.layers.19.encoder_attn generation=4/8 best_nmse=0.000925 stagnant=0
[rotation-search] site=model.decoder.layers.19.encoder_attn generation=5/8 best_nmse=0.000925 stagnant=1
[rotation-search] site=model.decoder.layers.19.encoder_attn generation=6/8 best_nmse=0.000925 stagnant=0
[rotation-search] site=model.decoder.layers.19.encoder_attn generation=7/8 best_nmse=0.000923 stagnant=0
[rotation-search] site=model.decoder.layers.19.encoder_attn generation=8/8 best_nmse=0.000923 stagnant=1
[rotation-search] site=model.decoder.layers.19.encoder_attn committed_nmse=0.000923
[rotation-search] site=model.decoder.layers.20.self_attn start population=6
[rotation-search] site=model.decoder.layers.20.self_attn generation=1/8 best_nmse=0.000963 stagnant=0
[rotation-search] site=model.decoder.layers.20.self_attn generation=2/8 best_nmse=0.000963 stagnant=1
[rotation-search] site=model.decoder.layers.20.self_attn generation=3/8 best_nmse=0.000953 stagnant=0
[rotation-search] site=model.decoder.layers.20.self_attn generation=4/8 best_nmse=0.000953 stagnant=1
[rotation-search] site=model.decoder.layers.20.self_attn generation=5/8 best_nmse=0.000952 stagnant=0
[rotation-search] site=model.decoder.layers.20.self_attn generation=6/8 best_nmse=0.000949 stagnant=0
[rotation-search] site=model.decoder.layers.20.self_attn generation=7/8 best_nmse=0.000947 stagnant=0
[rotation-search] site=model.decoder.layers.20.self_attn generation=8/8 best_nmse=0.000947 stagnant=0
[rotation-search] site=model.decoder.layers.20.self_attn committed_nmse=0.000947
[rotation-search] site=model.decoder.layers.20.encoder_attn start population=6
[rotation-search] site=model.decoder.layers.20.encoder_attn generation=1/8 best_nmse=0.000818 stagnant=0
[rotation-search] site=model.decoder.layers.20.encoder_attn generation=2/8 best_nmse=0.000818 stagnant=1
[rotation-search] site=model.decoder.layers.20.encoder_attn generation=3/8 best_nmse=0.000818 stagnant=2
[rotation-search] site=model.decoder.layers.20.encoder_attn generation=4/8 best_nmse=0.000814 stagnant=0
[rotation-search] site=model.decoder.layers.20.encoder_attn generation=5/8 best_nmse=0.000813 stagnant=0
[rotation-search] site=model.decoder.layers.20.encoder_attn generation=6/8 best_nmse=0.000811 stagnant=0
[rotation-search] site=model.decoder.layers.20.encoder_attn generation=7/8 best_nmse=0.000811 stagnant=1
[rotation-search] site=model.decoder.layers.20.encoder_attn generation=8/8 best_nmse=0.000810 stagnant=0
[rotation-search] site=model.decoder.layers.20.encoder_attn committed_nmse=0.000810
[rotation-search] site=model.decoder.layers.21.self_attn start population=6
[rotation-search] site=model.decoder.layers.21.self_attn generation=1/8 best_nmse=0.000835 stagnant=0
[rotation-search] site=model.decoder.layers.21.self_attn generation=2/8 best_nmse=0.000832 stagnant=0
[rotation-search] site=model.decoder.layers.21.self_attn generation=3/8 best_nmse=0.000832 stagnant=1
[rotation-search] site=model.decoder.layers.21.self_attn generation=4/8 best_nmse=0.000832 stagnant=2
[rotation-search] site=model.decoder.layers.21.self_attn generation=5/8 best_nmse=0.000830 stagnant=0
[rotation-search] site=model.decoder.layers.21.self_attn generation=6/8 best_nmse=0.000830 stagnant=0
[rotation-search] site=model.decoder.layers.21.self_attn generation=7/8 best_nmse=0.000830 stagnant=1
[rotation-search] site=model.decoder.layers.21.self_attn generation=8/8 best_nmse=0.000827 stagnant=0
[rotation-search] site=model.decoder.layers.21.self_attn committed_nmse=0.000827
[rotation-search] site=model.decoder.layers.21.encoder_attn start population=6
[rotation-search] site=model.decoder.layers.21.encoder_attn generation=1/8 best_nmse=0.000802 stagnant=0
[rotation-search] site=model.decoder.layers.21.encoder_attn generation=2/8 best_nmse=0.000794 stagnant=0
[rotation-search] site=model.decoder.layers.21.encoder_attn generation=3/8 best_nmse=0.000794 stagnant=1
[rotation-search] site=model.decoder.layers.21.encoder_attn generation=4/8 best_nmse=0.000794 stagnant=2
[rotation-search] site=model.decoder.layers.21.encoder_attn generation=5/8 best_nmse=0.000794 stagnant=3
[rotation-search] site=model.decoder.layers.21.encoder_attn generation=6/8 best_nmse=0.000794 stagnant=4
[rotation-search] site=model.decoder.layers.21.encoder_attn early-stop patience=4
[rotation-search] site=model.decoder.layers.21.encoder_attn committed_nmse=0.000794
[rotation-search] site=model.decoder.layers.22.self_attn start population=6
[rotation-search] site=model.decoder.layers.22.self_attn generation=1/8 best_nmse=0.000755 stagnant=0
[rotation-search] site=model.decoder.layers.22.self_attn generation=2/8 best_nmse=0.000755 stagnant=1
[rotation-search] site=model.decoder.layers.22.self_attn generation=3/8 best_nmse=0.000755 stagnant=2
[rotation-search] site=model.decoder.layers.22.self_attn generation=4/8 best_nmse=0.000755 stagnant=0
[rotation-search] site=model.decoder.layers.22.self_attn generation=5/8 best_nmse=0.000753 stagnant=0
[rotation-search] site=model.decoder.layers.22.self_attn generation=6/8 best_nmse=0.000753 stagnant=1
[rotation-search] site=model.decoder.layers.22.self_attn generation=7/8 best_nmse=0.000751 stagnant=0
[rotation-search] site=model.decoder.layers.22.self_attn generation=8/8 best_nmse=0.000750 stagnant=0
[rotation-search] site=model.decoder.layers.22.self_attn committed_nmse=0.000750
[rotation-search] site=model.decoder.layers.22.encoder_attn start population=6
[rotation-search] site=model.decoder.layers.22.encoder_attn generation=1/8 best_nmse=0.000750 stagnant=0
[rotation-search] site=model.decoder.layers.22.encoder_attn generation=2/8 best_nmse=0.000748 stagnant=0
[rotation-search] site=model.decoder.layers.22.encoder_attn generation=3/8 best_nmse=0.000747 stagnant=0
[rotation-search] site=model.decoder.layers.22.encoder_attn generation=4/8 best_nmse=0.000741 stagnant=0
[rotation-search] site=model.decoder.layers.22.encoder_attn generation=5/8 best_nmse=0.000741 stagnant=1
[rotation-search] site=model.decoder.layers.22.encoder_attn generation=6/8 best_nmse=0.000737 stagnant=0
[rotation-search] site=model.decoder.layers.22.encoder_attn generation=7/8 best_nmse=0.000737 stagnant=1
[rotation-search] site=model.decoder.layers.22.encoder_attn generation=8/8 best_nmse=0.000695 stagnant=0
[rotation-search] site=model.decoder.layers.22.encoder_attn committed_nmse=0.000695
[rotation-search] site=model.decoder.layers.23.self_attn start population=6
[rotation-search] site=model.decoder.layers.23.self_attn generation=1/8 best_nmse=0.000856 stagnant=0
[rotation-search] site=model.decoder.layers.23.self_attn generation=2/8 best_nmse=0.000854 stagnant=0
[rotation-search] site=model.decoder.layers.23.self_attn generation=3/8 best_nmse=0.000853 stagnant=0
[rotation-search] site=model.decoder.layers.23.self_attn generation=4/8 best_nmse=0.000853 stagnant=1
[rotation-search] site=model.decoder.layers.23.self_attn generation=5/8 best_nmse=0.000852 stagnant=0
[rotation-search] site=model.decoder.layers.23.self_attn generation=6/8 best_nmse=0.000852 stagnant=1
[rotation-search] site=model.decoder.layers.23.self_attn generation=7/8 best_nmse=0.000851 stagnant=0
[rotation-search] site=model.decoder.layers.23.self_attn generation=8/8 best_nmse=0.000851 stagnant=1
[rotation-search] site=model.decoder.layers.23.self_attn committed_nmse=0.000851
[rotation-search] site=model.decoder.layers.23.encoder_attn start population=6
[rotation-search] site=model.decoder.layers.23.encoder_attn generation=1/8 best_nmse=0.000851 stagnant=0
[rotation-search] site=model.decoder.layers.23.encoder_attn generation=2/8 best_nmse=0.000850 stagnant=0
[rotation-search] site=model.decoder.layers.23.encoder_attn generation=3/8 best_nmse=0.000847 stagnant=0
[rotation-search] site=model.decoder.layers.23.encoder_attn generation=4/8 best_nmse=0.000846 stagnant=0
[rotation-search] site=model.decoder.layers.23.encoder_attn generation=5/8 best_nmse=0.000846 stagnant=1
[rotation-search] site=model.decoder.layers.23.encoder_attn generation=6/8 best_nmse=0.000846 stagnant=2
[rotation-search] site=model.decoder.layers.23.encoder_attn generation=7/8 best_nmse=0.000840 stagnant=0
[rotation-search] site=model.decoder.layers.23.encoder_attn generation=8/8 best_nmse=0.000820 stagnant=0
[rotation-search] site=model.decoder.layers.23.encoder_attn committed_nmse=0.000820
[rotation-search] site=model.decoder.layers.24.self_attn start population=6
[rotation-search] site=model.decoder.layers.24.self_attn generation=1/8 best_nmse=0.000882 stagnant=0
[rotation-search] site=model.decoder.layers.24.self_attn generation=2/8 best_nmse=0.000882 stagnant=1
[rotation-search] site=model.decoder.layers.24.self_attn generation=3/8 best_nmse=0.000881 stagnant=0
[rotation-search] site=model.decoder.layers.24.self_attn generation=4/8 best_nmse=0.000879 stagnant=0
[rotation-search] site=model.decoder.layers.24.self_attn generation=5/8 best_nmse=0.000879 stagnant=1
[rotation-search] site=model.decoder.layers.24.self_attn generation=6/8 best_nmse=0.000879 stagnant=2
[rotation-search] site=model.decoder.layers.24.self_attn generation=7/8 best_nmse=0.000864 stagnant=0
[rotation-search] site=model.decoder.layers.24.self_attn generation=8/8 best_nmse=0.000864 stagnant=1
[rotation-search] site=model.decoder.layers.24.self_attn committed_nmse=0.000864
[rotation-search] site=model.decoder.layers.24.encoder_attn start population=6
[rotation-search] site=model.decoder.layers.24.encoder_attn generation=1/8 best_nmse=0.000848 stagnant=0
[rotation-search] site=model.decoder.layers.24.encoder_attn generation=2/8 best_nmse=0.000846 stagnant=0
[rotation-search] site=model.decoder.layers.24.encoder_attn generation=3/8 best_nmse=0.000845 stagnant=0
[rotation-search] site=model.decoder.layers.24.encoder_attn generation=4/8 best_nmse=0.000824 stagnant=0
[rotation-search] site=model.decoder.layers.24.encoder_attn generation=5/8 best_nmse=0.000821 stagnant=0
[rotation-search] site=model.decoder.layers.24.encoder_attn generation=6/8 best_nmse=0.000821 stagnant=1
[rotation-search] site=model.decoder.layers.24.encoder_attn generation=7/8 best_nmse=0.000820 stagnant=0
[rotation-search] site=model.decoder.layers.24.encoder_attn generation=8/8 best_nmse=0.000786 stagnant=0
[rotation-search] site=model.decoder.layers.24.encoder_attn committed_nmse=0.000786
[rotation-search] site=model.decoder.layers.25.self_attn start population=6
[rotation-search] site=model.decoder.layers.25.self_attn generation=1/8 best_nmse=0.000980 stagnant=0
[rotation-search] site=model.decoder.layers.25.self_attn generation=2/8 best_nmse=0.000964 stagnant=0
[rotation-search] site=model.decoder.layers.25.self_attn generation=3/8 best_nmse=0.000964 stagnant=1
[rotation-search] site=model.decoder.layers.25.self_attn generation=4/8 best_nmse=0.000964 stagnant=2
[rotation-search] site=model.decoder.layers.25.self_attn generation=5/8 best_nmse=0.000963 stagnant=0
[rotation-search] site=model.decoder.layers.25.self_attn generation=6/8 best_nmse=0.000963 stagnant=1
[rotation-search] site=model.decoder.layers.25.self_attn generation=7/8 best_nmse=0.000963 stagnant=2
[rotation-search] site=model.decoder.layers.25.self_attn generation=8/8 best_nmse=0.000963 stagnant=3
[rotation-search] site=model.decoder.layers.25.self_attn committed_nmse=0.000963
[rotation-search] site=model.decoder.layers.25.encoder_attn start population=6
[rotation-search] site=model.decoder.layers.25.encoder_attn generation=1/8 best_nmse=0.000912 stagnant=0
[rotation-search] site=model.decoder.layers.25.encoder_attn generation=2/8 best_nmse=0.000910 stagnant=0
[rotation-search] site=model.decoder.layers.25.encoder_attn generation=3/8 best_nmse=0.000908 stagnant=0
[rotation-search] site=model.decoder.layers.25.encoder_attn generation=4/8 best_nmse=0.000844 stagnant=0
[rotation-search] site=model.decoder.layers.25.encoder_attn generation=5/8 best_nmse=0.000844 stagnant=1
[rotation-search] site=model.decoder.layers.25.encoder_attn generation=6/8 best_nmse=0.000844 stagnant=2
[rotation-search] site=model.decoder.layers.25.encoder_attn generation=7/8 best_nmse=0.000843 stagnant=0
[rotation-search] site=model.decoder.layers.25.encoder_attn generation=8/8 best_nmse=0.000843 stagnant=1
[rotation-search] site=model.decoder.layers.25.encoder_attn committed_nmse=0.000843
[rotation-search] site=model.decoder.layers.26.self_attn start population=6
[rotation-search] site=model.decoder.layers.26.self_attn generation=1/8 best_nmse=0.000734 stagnant=0
[rotation-search] site=model.decoder.layers.26.self_attn generation=2/8 best_nmse=0.000734 stagnant=1
[rotation-search] site=model.decoder.layers.26.self_attn generation=3/8 best_nmse=0.000733 stagnant=0
[rotation-search] site=model.decoder.layers.26.self_attn generation=4/8 best_nmse=0.000733 stagnant=0
[rotation-search] site=model.decoder.layers.26.self_attn generation=5/8 best_nmse=0.000733 stagnant=1
[rotation-search] site=model.decoder.layers.26.self_attn generation=6/8 best_nmse=0.000733 stagnant=2
[rotation-search] site=model.decoder.layers.26.self_attn generation=7/8 best_nmse=0.000733 stagnant=3
[rotation-search] site=model.decoder.layers.26.self_attn generation=8/8 best_nmse=0.000731 stagnant=0
[rotation-search] site=model.decoder.layers.26.self_attn committed_nmse=0.000731
[rotation-search] site=model.decoder.layers.26.encoder_attn start population=6
[rotation-search] site=model.decoder.layers.26.encoder_attn generation=1/8 best_nmse=0.000690 stagnant=0
[rotation-search] site=model.decoder.layers.26.encoder_attn generation=2/8 best_nmse=0.000679 stagnant=0
[rotation-search] site=model.decoder.layers.26.encoder_attn generation=3/8 best_nmse=0.000679 stagnant=1
[rotation-search] site=model.decoder.layers.26.encoder_attn generation=4/8 best_nmse=0.000679 stagnant=2
[rotation-search] site=model.decoder.layers.26.encoder_attn generation=5/8 best_nmse=0.000678 stagnant=0
[rotation-search] site=model.decoder.layers.26.encoder_attn generation=6/8 best_nmse=0.000678 stagnant=1
[rotation-search] site=model.decoder.layers.26.encoder_attn generation=7/8 best_nmse=0.000678 stagnant=2
[rotation-search] site=model.decoder.layers.26.encoder_attn generation=8/8 best_nmse=0.000678 stagnant=3
[rotation-search] site=model.decoder.layers.26.encoder_attn committed_nmse=0.000678
[rotation-search] site=model.decoder.layers.27.self_attn start population=6
[rotation-search] site=model.decoder.layers.27.self_attn generation=1/8 best_nmse=0.001601 stagnant=0
[rotation-search] site=model.decoder.layers.27.self_attn generation=2/8 best_nmse=0.001599 stagnant=0
[rotation-search] site=model.decoder.layers.27.self_attn generation=3/8 best_nmse=0.001592 stagnant=0
[rotation-search] site=model.decoder.layers.27.self_attn generation=4/8 best_nmse=0.001585 stagnant=0
[rotation-search] site=model.decoder.layers.27.self_attn generation=5/8 best_nmse=0.001585 stagnant=0
[rotation-search] site=model.decoder.layers.27.self_attn generation=6/8 best_nmse=0.001578 stagnant=0
[rotation-search] site=model.decoder.layers.27.self_attn generation=7/8 best_nmse=0.001578 stagnant=1
[rotation-search] site=model.decoder.layers.27.self_attn generation=8/8 best_nmse=0.001578 stagnant=2
[rotation-search] site=model.decoder.layers.27.self_attn committed_nmse=0.001578
[rotation-search] site=model.decoder.layers.27.encoder_attn start population=6
[rotation-search] site=model.decoder.layers.27.encoder_attn generation=1/8 best_nmse=0.001456 stagnant=0
[rotation-search] site=model.decoder.layers.27.encoder_attn generation=2/8 best_nmse=0.001386 stagnant=0
[rotation-search] site=model.decoder.layers.27.encoder_attn generation=3/8 best_nmse=0.001367 stagnant=0
[rotation-search] site=model.decoder.layers.27.encoder_attn generation=4/8 best_nmse=0.001237 stagnant=0
[rotation-search] site=model.decoder.layers.27.encoder_attn generation=5/8 best_nmse=0.001232 stagnant=0
[rotation-search] site=model.decoder.layers.27.encoder_attn generation=6/8 best_nmse=0.001232 stagnant=1
[rotation-search] site=model.decoder.layers.27.encoder_attn generation=7/8 best_nmse=0.001228 stagnant=0
[rotation-search] site=model.decoder.layers.27.encoder_attn generation=8/8 best_nmse=0.001228 stagnant=1
[rotation-search] site=model.decoder.layers.27.encoder_attn committed_nmse=0.001228
[rotation-search] site=model.decoder.layers.28.self_attn start population=6
[rotation-search] site=model.decoder.layers.28.self_attn generation=1/8 best_nmse=0.000671 stagnant=0
[rotation-search] site=model.decoder.layers.28.self_attn generation=2/8 best_nmse=0.000671 stagnant=1
[rotation-search] site=model.decoder.layers.28.self_attn generation=3/8 best_nmse=0.000667 stagnant=0
[rotation-search] site=model.decoder.layers.28.self_attn generation=4/8 best_nmse=0.000667 stagnant=1
[rotation-search] site=model.decoder.layers.28.self_attn generation=5/8 best_nmse=0.000667 stagnant=2
[rotation-search] site=model.decoder.layers.28.self_attn generation=6/8 best_nmse=0.000664 stagnant=0
[rotation-search] site=model.decoder.layers.28.self_attn generation=7/8 best_nmse=0.000661 stagnant=0
[rotation-search] site=model.decoder.layers.28.self_attn generation=8/8 best_nmse=0.000659 stagnant=0
[rotation-search] site=model.decoder.layers.28.self_attn committed_nmse=0.000659
[rotation-search] site=model.decoder.layers.28.encoder_attn start population=6
[rotation-search] site=model.decoder.layers.28.encoder_attn generation=1/8 best_nmse=0.000631 stagnant=0
[rotation-search] site=model.decoder.layers.28.encoder_attn generation=2/8 best_nmse=0.000628 stagnant=0
[rotation-search] site=model.decoder.layers.28.encoder_attn generation=3/8 best_nmse=0.000628 stagnant=1
[rotation-search] site=model.decoder.layers.28.encoder_attn generation=4/8 best_nmse=0.000626 stagnant=0
[rotation-search] site=model.decoder.layers.28.encoder_attn generation=5/8 best_nmse=0.000623 stagnant=0
[rotation-search] site=model.decoder.layers.28.encoder_attn generation=6/8 best_nmse=0.000623 stagnant=1
[rotation-search] site=model.decoder.layers.28.encoder_attn generation=7/8 best_nmse=0.000623 stagnant=0
[rotation-search] site=model.decoder.layers.28.encoder_attn generation=8/8 best_nmse=0.000622 stagnant=0
[rotation-search] site=model.decoder.layers.28.encoder_attn committed_nmse=0.000622
[rotation-search] site=model.decoder.layers.29.self_attn start population=6
[rotation-search] site=model.decoder.layers.29.self_attn generation=1/8 best_nmse=0.000969 stagnant=0
[rotation-search] site=model.decoder.layers.29.self_attn generation=2/8 best_nmse=0.000969 stagnant=1
[rotation-search] site=model.decoder.layers.29.self_attn generation=3/8 best_nmse=0.000956 stagnant=0
[rotation-search] site=model.decoder.layers.29.self_attn generation=4/8 best_nmse=0.000956 stagnant=1
[rotation-search] site=model.decoder.layers.29.self_attn generation=5/8 best_nmse=0.000950 stagnant=0
[rotation-search] site=model.decoder.layers.29.self_attn generation=6/8 best_nmse=0.000950 stagnant=1
[rotation-search] site=model.decoder.layers.29.self_attn generation=7/8 best_nmse=0.000948 stagnant=0
[rotation-search] site=model.decoder.layers.29.self_attn generation=8/8 best_nmse=0.000948 stagnant=0
[rotation-search] site=model.decoder.layers.29.self_attn committed_nmse=0.000948
[rotation-search] site=model.decoder.layers.29.encoder_attn start population=6
[rotation-search] site=model.decoder.layers.29.encoder_attn generation=1/8 best_nmse=0.000826 stagnant=0
[rotation-search] site=model.decoder.layers.29.encoder_attn generation=2/8 best_nmse=0.000826 stagnant=1
[rotation-search] site=model.decoder.layers.29.encoder_attn generation=3/8 best_nmse=0.000826 stagnant=2
[rotation-search] site=model.decoder.layers.29.encoder_attn generation=4/8 best_nmse=0.000826 stagnant=3
[rotation-search] site=model.decoder.layers.29.encoder_attn generation=5/8 best_nmse=0.000824 stagnant=0
[rotation-search] site=model.decoder.layers.29.encoder_attn generation=6/8 best_nmse=0.000824 stagnant=1
[rotation-search] site=model.decoder.layers.29.encoder_attn generation=7/8 best_nmse=0.000804 stagnant=0
[rotation-search] site=model.decoder.layers.29.encoder_attn generation=8/8 best_nmse=0.000804 stagnant=1
[rotation-search] site=model.decoder.layers.29.encoder_attn committed_nmse=0.000804
[rotation-search] site=model.decoder.layers.30.self_attn start population=6
[rotation-search] site=model.decoder.layers.30.self_attn generation=1/8 best_nmse=0.001416 stagnant=0
[rotation-search] site=model.decoder.layers.30.self_attn generation=2/8 best_nmse=0.001416 stagnant=1
[rotation-search] site=model.decoder.layers.30.self_attn generation=3/8 best_nmse=0.001416 stagnant=2
[rotation-search] site=model.decoder.layers.30.self_attn generation=4/8 best_nmse=0.001416 stagnant=3
[rotation-search] site=model.decoder.layers.30.self_attn generation=5/8 best_nmse=0.001416 stagnant=4
[rotation-search] site=model.decoder.layers.30.self_attn early-stop patience=4
[rotation-search] site=model.decoder.layers.30.self_attn committed_nmse=0.001416
[rotation-search] site=model.decoder.layers.30.encoder_attn start population=6
[rotation-search] site=model.decoder.layers.30.encoder_attn generation=1/8 best_nmse=0.001210 stagnant=0
[rotation-search] site=model.decoder.layers.30.encoder_attn generation=2/8 best_nmse=0.001210 stagnant=1
[rotation-search] site=model.decoder.layers.30.encoder_attn generation=3/8 best_nmse=0.001210 stagnant=2
[rotation-search] site=model.decoder.layers.30.encoder_attn generation=4/8 best_nmse=0.001210 stagnant=3
[rotation-search] site=model.decoder.layers.30.encoder_attn generation=5/8 best_nmse=0.001208 stagnant=0
[rotation-search] site=model.decoder.layers.30.encoder_attn generation=6/8 best_nmse=0.001208 stagnant=1
[rotation-search] site=model.decoder.layers.30.encoder_attn generation=7/8 best_nmse=0.001208 stagnant=2
[rotation-search] site=model.decoder.layers.30.encoder_attn generation=8/8 best_nmse=0.001208 stagnant=3
[rotation-search] site=model.decoder.layers.30.encoder_attn committed_nmse=0.001208
[rotation-search] site=model.decoder.layers.31.self_attn start population=6
[rotation-search] site=model.decoder.layers.31.self_attn generation=1/8 best_nmse=0.001322 stagnant=0
[rotation-search] site=model.decoder.layers.31.self_attn generation=2/8 best_nmse=0.001321 stagnant=0
[rotation-search] site=model.decoder.layers.31.self_attn generation=3/8 best_nmse=0.001321 stagnant=1
[rotation-search] site=model.decoder.layers.31.self_attn generation=4/8 best_nmse=0.001321 stagnant=2
[rotation-search] site=model.decoder.layers.31.self_attn generation=5/8 best_nmse=0.001321 stagnant=3
[rotation-search] site=model.decoder.layers.31.self_attn generation=6/8 best_nmse=0.001321 stagnant=0
[rotation-search] site=model.decoder.layers.31.self_attn generation=7/8 best_nmse=0.001321 stagnant=1
[rotation-search] site=model.decoder.layers.31.self_attn generation=8/8 best_nmse=0.001321 stagnant=2
[rotation-search] site=model.decoder.layers.31.self_attn committed_nmse=0.001321
[rotation-search] site=model.decoder.layers.31.encoder_attn start population=6
[rotation-search] site=model.decoder.layers.31.encoder_attn generation=1/8 best_nmse=0.001208 stagnant=0
[rotation-search] site=model.decoder.layers.31.encoder_attn generation=2/8 best_nmse=0.001162 stagnant=0
[rotation-search] site=model.decoder.layers.31.encoder_attn generation=3/8 best_nmse=0.001162 stagnant=1
[rotation-search] site=model.decoder.layers.31.encoder_attn generation=4/8 best_nmse=0.001129 stagnant=0
[rotation-search] site=model.decoder.layers.31.encoder_attn generation=5/8 best_nmse=0.001129 stagnant=1
[rotation-search] site=model.decoder.layers.31.encoder_attn generation=6/8 best_nmse=0.001121 stagnant=0
[rotation-search] site=model.decoder.layers.31.encoder_attn generation=7/8 best_nmse=0.001014 stagnant=0
[rotation-search] site=model.decoder.layers.31.encoder_attn generation=8/8 best_nmse=0.001014 stagnant=1
[rotation-search] site=model.decoder.layers.31.encoder_attn committed_nmse=0.001014
====================
Round 3
global_generation 0
global_generation 1
global_generation 2
global_generation 3
global_generation 4
global_generation 5
global_generation 6
global_generation 7
====================
Round 4
global_generation 0
global_generation 1
global_generation 2
global_generation 3
global_generation 4
global_generation 5
global_generation 6
global_generation 7
[rotation-search] saved history to outputs/rotation/openai-whisper-large-v3_rotation_w4a8_search_search_history.pt
[rotation-search] saved plot to outputs/rotation/openai-whisper-large-v3_rotation_w4a8_search_search_progress.png
